timestamp,turbine_id,wind_speed,rotor_speed,generator_speed,power_output,generator_temperature,gearbox_temperature,bearing_temperature,oil_temperature,oil_pressure,vibration,ambient_temperature,nacelle_temperature,hydraulic_pressure,brake_temperature,operational_status,failure_event,maintenance_event,degradation_level,failure_mode,episode_id,hours_to_failure
2024-01-01 00:00:00,T01,11.003154361703421,14.02994234260969,1357.4777237552062,1149.7128277956074,60.35971091588227,48.34886086808429,36.099544311986655,30.062598614520518,5.776574000540669,3.338439765309783,1.3066599426570253,14.979919143529893,183.97752223980828,9.411127341008374,normal,0,0,0.0,,-1,
2024-01-01 01:00:00,T01,10.393453593058544,13.218327703470093,1282.8508753868555,935.7819327398088,59.12702181690522,48.196515970475964,35.74207701267785,29.353577473852862,5.854084505795222,3.4794945918071702,0.5105519437650854,13.92936432697053,183.22556297636464,9.15605090955413,normal,0,0,0.0,,-1,
2024-01-01 02:00:00,T01,10.542548884591953,13.477569848357074,1305.8356133092047,963.7118852822916,59.15506724199207,47.79904484356774,35.78516862505378,29.5944508584317,5.891206812078131,3.250304132038285,0.1929358122174032,14.88463633162837,184.01472342741917,8.87863617218853,normal,0,0,0.0,,-1,
2024-01-01 03:00:00,T01,9.926314140617183,13.29948921706963,1301.1841429483911,733.9330534509438,56.546396771723394,46.71739928061099,34.57294806206373,29.397469642280566,5.821019929033573,3.324794050011741,-0.31749635496853673,14.122244086426942,180.662160279955,8.449073705619263,normal,0,0,0.0,,-1,
2024-01-01 04:00:00,T01,9.492627282349497,12.639111504099459,1236.0198908062832,650.3805657947969,55.145374829758204,45.21154363244187,33.90907757545781,28.41510611539091,5.885962726437039,2.7191254330387373,-0.7097913182895942,12.912853151491133,187.17733432725163,8.122038252726732,normal,0,0,0.0,,-1,
2024-01-01 05:00:00,T01,9.303295039463926,12.780286454559102,1237.9018527938008,567.1172863167938,53.50263826211249,43.97460715956942,33.16425598775503,28.607209503021977,5.8015211437465375,3.1019482743913263,-1.6617643416256747,12.55136202500796,186.98429827236626,7.495749196950242,normal,0,0,0.0,,-1,
2024-01-01 06:00:00,T01,8.615350575090522,11.915784410332904,1159.0089727669924,381.8807683815793,50.87611103161948,42.02714770184583,32.289379264770716,27.11023085580858,5.822158345791282,3.3390432112341655,-2.649424251432431,10.867502641694648,185.67787023082076,6.606508766333523,normal,0,0,0.0,,-1,
2024-01-01 07:00:00,T01,8.188542396599031,11.717689893139502,1137.5741023790827,316.8928552644546,47.92373853011411,40.530239987159824,30.99563768789043,26.036181352837062,5.680459669614556,3.1104028615309263,-3.3609882174773436,9.76814522460595,182.05338620605463,5.743441378097209,normal,0,0,0.0,,-1,
2024-01-01 08:00:00,T01,7.562256372622104,11.026359888938776,1068.1896925278509,264.97420648721305,45.2645947830105,38.99255968919466,30.176625157070276,25.30571293960112,5.705690622435427,2.655708247157134,-4.240694738255319,9.470261733426886,191.79301272755984,4.865031825574249,normal,0,0,0.0,,-1,
2024-01-01 09:00:00,T01,7.663997230729309,11.415641858450194,1105.1358709720619,230.65675092936092,43.03180360598596,37.66084243707382,28.31292060824646,23.904285158502432,5.722534899486865,2.9087764391553144,-3.301149839168795,8.516053987081241,184.76641172648303,4.307100580140254,normal,0,0,0.0,,-1,
2024-01-01 10:00:00,T01,7.283470629432636,10.971682525861986,1057.5463312146994,182.3679962231958,41.55562324162864,36.99174989939092,27.21157098935631,23.50877287482558,5.760874083922117,2.980267513098568,-2.503256549460509,7.6796632366304225,188.81222078135312,4.049989981483433,normal,0,0,0.0,,-1,
2024-01-01 11:00:00,T01,9.270108188051692,12.534971986414215,1219.2925691165476,550.0195365400417,40.806289941925534,36.25763157156408,27.381246200627093,23.191469022252843,5.691431172784488,3.3597481940218175,-1.692300723633058,8.499141542298208,188.3091507070843,4.242302833145641,normal,0,0,0.0,,-1,
2024-01-01 12:00:00,T01,9.45621117546753,12.753580174261486,1246.35144003277,610.861926027957,41.57067918199974,35.292462643239816,27.355014689058457,22.771175882990864,5.7806145952269725,3.1481692967599515,-1.714053969946812,8.74564930584638,182.76452822832576,4.420710018598802,normal,0,0,0.0,,-1,
2024-01-01 13:00:00,T01,8.301144347240413,11.93056613013931,1152.953076677108,325.3517567084809,39.77701486248244,35.20132947744601,26.361784051741804,21.742465986449236,5.683629565912438,2.9692562862301655,-1.924814018414053,8.137006255779545,186.46645872478788,4.314272627868281,normal,0,0,0.0,,-1,
2024-01-01 14:00:00,T01,9.03991465830976,12.502443297571068,1209.194365722736,518.2690107412188,40.27664752819922,34.7726036466308,26.132813300976764,21.795582394059924,5.6847844454075265,3.1811158130050288,-1.5535224066295854,7.999438530589285,185.79887397842978,4.4684771941024,normal,0,0,0.0,,-1,
2024-01-01 15:00:00,T01,9.78780489381555,12.85301377182237,1236.561522563712,730.4409900362014,40.80833127493199,34.5667945172544,26.19258931731197,22.467594613422477,5.697474410053252,3.3918198802904627,-0.4324366137186815,8.881375148157517,186.23891947672655,4.963308136651205,normal,0,0,0.0,,-1,
2024-01-01 16:00:00,T01,10.088886533310381,13.081290307275017,1278.242108106669,854.201437104195,42.132939848585465,35.81603015316238,26.758295082462887,22.130394609978072,5.761601833602647,3.1323365132316328,1.322776322767093,9.21469391385816,180.54064263229998,5.758242898596471,normal,0,0,0.0,,-1,
2024-01-01 17:00:00,T01,10.542197105729803,13.363666029498404,1295.8991969909328,973.3456954189435,44.249264072298146,36.21535300314423,27.400132135388194,23.039941211123992,5.772375088056705,3.732000883140948,2.901092448449156,10.779598217813518,182.35456321122558,6.776856071740903,normal,0,0,0.0,,-1,
2024-01-01 18:00:00,T01,11.057363923319857,14.110904869150966,1368.8253012694804,1190.2431664397166,47.92488388181675,38.51301201887499,28.238401051028553,23.527451287306246,5.9056176181180895,3.6108406599712204,4.473291821000536,11.336198458336598,182.98584329674568,8.052103942885806,normal,0,0,0.0,,-1,
2024-01-01 19:00:00,T01,11.456944930061113,14.521551817626818,1407.5929320675034,1363.9370416199813,50.62481424310112,40.0414558513257,30.11802560430486,24.94511702937714,5.843943564213367,3.169765154858145,4.262665060752329,13.29544304128771,184.23988383332602,9.246997079936891,normal,0,0,0.0,,-1,
2024-01-01 20:00:00,T01,12.827445801188173,14.924503002936238,1453.9607646564682,1969.5837518765836,55.77759997746211,42.87437249365977,31.756870318677844,25.786766778319226,6.070154990309218,3.378407129855693,4.331097961254089,15.276621836025976,182.47382976211819,10.610736054796861,normal,0,0,0.0,,-1,
2024-01-01 21:00:00,T01,12.583172560399987,15.104768165281152,1469.2397699714968,1931.44686734431,59.115582348987644,45.583850139180505,33.89364992170371,27.163839543705382,5.973168786687709,3.870247064470709,5.060369695878085,15.873576690848882,184.63079538381723,11.717465401417455,normal,0,0,0.0,,-1,
2024-01-01 22:00:00,T01,12.487423421866115,14.64160628266801,1429.2508780890078,1931.5786993705576,64.39137710405974,48.4635728867189,35.20587099743399,28.672163973896566,5.978008773675776,3.600855949478023,4.674742350178426,17.59437521511251,183.71512196738678,12.500976867972641,normal,0,0,0.0,,-1,
2024-01-01 23:00:00,T01,12.22201374323579,14.682942746791708,1423.4683131121049,1795.9027715988402,66.0677304731501,49.94286824073456,36.349111382062816,29.95908232058224,5.9120065920601474,3.9089165735382734,3.052612378552652,18.300804366527423,181.7088167270459,12.655593542109195,normal,0,0,0.0,,-1,
2024-01-02 00:00:00,T01,12.49306872618264,15.02334020457089,1453.4298579408564,1978.0948806093256,68.50547745998853,50.960532228397604,37.10769436544299,29.994635683908356,6.1452685902346955,3.705166456105476,1.6172764405568705,17.802301982628027,181.35961547019633,12.613317790744125,normal,0,0,0.0,,-1,
2024-01-02 01:00:00,T01,12.542452276979375,14.905907508624816,1451.2600563665476,1990.659872859916,70.72808604327902,53.49427738796273,38.570318227930734,31.20137901981829,6.137969016380532,3.6066660364343957,1.396058638403752,17.56636779051228,185.72649164607276,12.512334307675129,normal,0,0,0.0,,-1,
2024-01-02 02:00:00,T01,12.307353751477738,14.929176137722761,1453.6086098507142,1841.7537549727545,72.38194187712125,54.18810648528558,39.4678900359266,31.798638725326526,6.036358058855743,3.5706330105203525,0.35539504857562765,17.184492395206775,183.5039055028866,12.142632765663643,normal,0,0,0.0,,-1,
2024-01-02 03:00:00,T01,10.211634180731703,13.660565360234994,1323.7967761216269,845.3562171955748,68.77452839880023,52.95720789439183,38.597650427884034,31.406343431049166,-3.0,3.4487611463810106,-0.974173084566488,16.448653323279448,184.54374671361904,10.964507392476095,normal,0,0,0.0,,-1,
2024-01-02 04:00:00,T01,11.27722161887173,13.834650197938268,1340.0231149692263,1300.1631924877265,68.52564912685163,52.66993988307964,38.35250176184674,31.268921155764083,5.905049886355295,3.698104033348927,-1.555959822203781,16.266529173226818,187.19263697120093,10.17219163939384,normal,0,0,0.0,,-1,
2024-01-02 05:00:00,T01,10.466671848083402,13.463143644336643,1297.3167836474895,900.7010841931929,65.6439815407297,50.8361690393935,37.83674906960418,,5.902263240073335,3.4104665876100797,-2.0812408544110204,14.731966628224384,179.86514965159293,9.17757571633376,normal,0,0,0.0,,-1,
2024-01-01 00:00:00,T02,9.10060285860943,12.519447948898213,1215.519653894131,560.9645711833805,43.9899903849876,35.75075648103853,26.637991519333674,21.255837521824184,4.77767512521707,3.1736947789763996,0.9946476584144293,11.147550378222828,187.2114626252564,7.644882571171692,normal,0,0,0.0,,-1,
2024-01-01 01:00:00,T02,9.24052219837949,12.622316631746083,1223.9002014643486,583.445647275731,43.89826072363447,35.35157552461482,26.09685629844116,21.331932406323165,4.8916432576073525,3.2442956523476516,0.3032163096239285,11.75070845576768,187.88719592627197,7.5458380406752275,normal,0,0,0.0,,-1,
2024-01-01 02:00:00,T02,8.595939071609735,12.196300316916657,1189.0846540704322,384.2042658851764,42.525494209731214,35.22557979017514,26.588061010868614,21.07759653381636,4.713323084961213,2.9397223281102973,0.0283625382195747,10.925302875367016,191.40696507428729,7.240195105660891,normal,0,0,0.0,,-1,
2024-01-01 03:00:00,T02,7.840361631625881,11.444288164380918,1106.0848280987484,286.2952731475698,41.76935041862481,34.42743217261025,26.112409192333256,20.42243325029023,4.744669406924294,3.187748653558363,0.06372587691568138,10.30155486214095,193.32027995595118,6.875648738727477,normal,0,0,0.0,,-1,
2024-01-01 04:00:00,T02,7.39022647825246,10.902213157532394,1064.4838646447186,223.3395055937504,40.68150361147574,33.172384750197416,25.23843195497832,20.187002841304288,4.68217017091629,2.9732668612337028,-0.1905970305072685,10.02086429524718,192.6340096858297,6.612919678818449,normal,0,0,0.0,,-1,
2024-01-01 05:00:00,T02,6.767172212155706,10.650834319986844,1029.6243472511799,136.64048550713937,38.73607217455838,32.25087520313944,24.423846144900995,19.692952255698156,4.729024665593959,2.855424555079232,-1.5035978612654342,9.23727192189988,190.2857003101307,6.034522020767409,normal,0,0,0.0,,-1,
2024-01-01 06:00:00,T02,6.896924516529337,10.821810532181097,1051.4479901739114,98.4697780484473,36.990520888382996,32.092116686211924,24.248362644781498,19.12409210755241,4.708211340489558,2.8598459331047765,-2.9724764190517083,8.934583246347081,190.73668978987297,5.279700315291046,normal,0,0,0.0,,-1,
2024-01-01 07:00:00,T02,7.290870778457387,11.110877071877349,1079.4191076512957,192.73265087732878,35.90868682940456,30.7138930154907,23.183887313838177,18.611408992547066,4.619184878695616,3.0109684706809277,-3.0968685123088275,7.56487885207914,191.93874554230874,4.626585051388574,normal,0,0,0.0,,-1,
2024-01-01 08:00:00,T02,5.483060860306238,9.572578927716041,924.3857012629702,14.991768599085646,,29.523495482136056,22.181833110293052,17.9681405497019,4.621889989641605,2.4665253726407568,-3.849794104633577,6.395890533914745,193.3542442618403,3.8288954817353495,normal,0,0,0.0,,-1,
2024-01-01 09:00:00,T02,5.81668392759179,10.010110685077027,972.4884470290058,54.366434069099135,32.103397175688855,28.71300812996299,21.85675891193157,17.306036570340854,4.6172051499514914,2.762481782046651,-3.110711302838919,6.2864062633853655,187.19586784451556,3.38256262281814,normal,0,0,0.0,,-1,
2024-01-01 10:00:00,T02,5.7394906430836485,9.923689547793956,960.178932060383,41.30808322416524,31.389341123853576,28.000675980286594,21.232039761464822,16.645046315609246,4.798263800170742,2.828132343654201,-2.5138331591109653,6.368820246379324,189.9037128722683,3.2357508321928234,normal,0,0,0.0,,-1,
2024-01-01 11:00:00,T02,6.466542336607638,10.271535230283902,996.0252030395081,88.56473083146005,31.185013492282778,27.484567719204176,20.37645388724647,16.425120725250714,4.658596730531295,2.928747666281045,-1.9539173422654412,6.178247223212224,190.7452035382388,3.302636124931301,normal,0,0,0.0,,-1,
2024-01-01 12:00:00,T02,6.959440733745987,10.669599901684624,1030.0227907410683,159.86599691819825,31.24764066816274,26.690474332322456,20.555397676402997,16.250948502369777,4.789014662715015,2.801803075283426,-1.8506121182653028,7.2298066453458025,188.48746042077335,3.390112672979176,normal,0,0,0.0,,-1,
2024-01-01 13:00:00,T02,6.737983524437644,10.837192349652106,1047.491425675231,,29.982915302738505,26.737212883112484,20.035148031372998,16.120526153948216,4.686028148032027,2.411451320875927,-1.864592361698776,5.983982003089708,191.43873028877167,3.343528215135667,normal,0,0,0.0,,-1,
2024-01-01 14:00:00,T02,9.183521019991714,12.5766853138439,1219.8520689535571,554.4302498801883,30.902635020309475,26.583060802638347,20.054399956284765,16.31839033075514,4.898752243654706,3.4854893536076244,-1.8366662561813618,6.107201891277276,186.15518444305923,3.735162970002681,normal,0,0,0.0,,-1,
2024-01-01 15:00:00,T02,9.694355557553292,12.614025642442883,1221.8063216436622,721.2049326073912,33.804448564970606,28.20091070976631,20.917519558094764,16.135518201104887,4.8041034573286,3.290559170359058,-0.25849111652109047,,188.27846367473316,4.38522724395041,normal,0,0,0.0,,-1,
2024-01-01 16:00:00,T02,8.908006856215094,12.14001224231007,1176.4915018376153,486.84649299971517,35.37872489272871,28.686339188833315,21.415954473084405,16.747117641437317,4.8974087016282315,3.395218132628248,0.843656155394696,7.174808133446503,191.50128262544553,5.064885539180895,normal,0,0,0.0,,-1,
2024-01-01 17:00:00,T02,8.958967102768028,12.175358392344734,1175.1845794371068,526.4870459376094,35.73911398075159,29.89176418196436,21.542971680539583,17.336688857671557,4.717513382079762,2.999264679939726,2.2237638743566954,8.745611748065741,190.43025635164958,5.941110622739073,normal,0,0,0.0,,-1,
2024-01-01 18:00:00,T02,11.729245190612577,14.369050210111249,1400.7723449880543,1591.3922523319534,41.24025325850276,32.78112528527551,24.08808098840289,18.811232155172195,5.0684662946898555,3.6489260157111745,4.08915342942345,10.685630362747899,192.35391716554906,7.664980889353254,normal,0,0,0.0,,-1,
2024-01-01 19:00:00,T02,11.416966820259205,14.18756891214871,1378.5817624671745,1411.5071986550686,45.574729229531506,35.31021409694665,25.54570935771787,20.07944615110302,4.976606134307713,3.894411902219183,4.733454044701015,12.16066391468602,186.72835717045442,8.976437401824658,normal,0,0,0.0,,-1,
2024-01-01 20:00:00,T02,10.863573454045605,13.577754308545256,1310.0612155757026,1164.2045246584382,49.03286722356225,36.95146044463317,26.88902232466985,20.675487451101407,4.966532373321503,,4.430917377955727,13.988811216569182,190.56394350938047,9.868149215905344,normal,0,0,0.0,,-1,
2024-01-01 21:00:00,T02,9.847100347852653,12.972053505022146,1255.5762837040659,775.04447143425,49.35505070058732,37.44999145221073,27.63418967305115,21.49448613405288,4.964212444200545,3.2731745515383057,4.511849365699961,13.927579434389799,192.41326765298598,10.375022085781431,normal,0,0,0.0,,-1,
2024-01-01 22:00:00,T02,9.996399968728301,12.972173361308121,1256.717004013401,817.1210063124518,50.48502496708771,38.12129230608893,28.392794347326998,21.976664118196652,4.840482466689889,3.4243107011755782,4.207530824857485,14.712106957547766,187.8342752388118,10.718329004358193,normal,0,0,0.0,,-1,
2024-01-01 23:00:00,T02,,12.54246139939378,1215.262893694103,620.1425961839396,49.992028896378265,38.89043462430296,28.782079582688798,21.924524145455102,4.891175955405313,3.084677404584772,2.779871367990963,13.92216306809058,188.5854043735413,10.48912649271609,normal,0,0,0.0,,-1,
2024-01-02 00:00:00,T02,8.341005517568064,12.089695838011021,1175.2639064792154,355.2763996513984,48.0684275220842,37.819506970713775,27.86701681824558,22.869229611351976,4.860944118870847,3.075368765020224,1.3607991399233974,13.76580855060484,191.37875344163356,9.852413294785272,normal,0,0,0.0,,-1,
2024-01-02 01:00:00,T02,8.09105758927069,11.690265484301783,1130.8184440442983,325.93808002293076,46.36036892997347,37.33739060725223,27.373074770950126,21.60778734810837,4.7604614091586335,3.318793002639297,1.1739842284170694,12.97672343748515,188.7413244759553,9.260112417554815,normal,0,0,0.0,,-1,
2024-01-02 02:00:00,T02,8.84423870520351,12.335697460165829,1192.9236979814978,495.4340447523391,45.666026002586754,36.657231652743995,26.610169676360723,21.648498351377437,4.734186098851697,2.953198705188352,0.3076523927305597,13.041545357895266,187.56701626110504,8.717328682624325,normal,0,0,0.0,,-1,
2024-01-02 03:00:00,T02,7.533821340518673,11.057447391480737,1067.9466224350392,261.05414446802644,43.66721871949666,35.93403700129146,26.080932952279042,21.211293280651557,4.6034243634300225,2.968381319116197,-0.8264111854991535,11.572539081720949,187.60572375764372,7.907130839705245,normal,0,0,0.0,,-1,
2024-01-02 04:00:00,T02,9.365202846645968,13.091135559363732,1274.583186887987,607.6705036333415,43.24614398554053,35.719376231390186,26.541532421132803,21.09042731359467,4.807132746908363,3.0852618103644875,-1.1864423716990227,11.424622175562384,192.56725019798276,7.330392753588684,normal,0,0,0.0,,-1,
2024-01-02 05:00:00,T02,6.190706994935591,10.544668953036405,1024.274775460289,51.03553706368577,41.43539627101905,34.26045823552722,25.567179391808263,20.06082717592452,4.579823781098135,2.294366472501544,-2.2387278862151905,9.738225653418034,187.82984165569704,6.400193324300263,normal,0,0,0.0,,-1,
2024-01-01 00:00:00,T03,10.143257162144234,13.102238200505335,1274.6843282883606,832.9049072276749,48.64981466524224,38.6577290257453,29.81092982290557,25.40057495985157,4.875582645381908,4.217686257851395,1.2593668803638423,11.427549403433174,184.42365252728533,8.460703579304575,normal,0,0,0.0,,-1,
2024-01-01 01:00:00,T03,8.8754758640544,12.174442815957976,1177.4972080960254,450.58230563030014,46.61703354218587,38.13321356625578,28.474105732864974,24.713250947322088,4.878509848837035,3.8089206927544974,0.7338947636293554,11.35748043035629,193.89404637958592,8.094488621532891,normal,0,0,0.0,,-1,
2024-01-01 02:00:00,T03,7.460967922384819,11.281010750260846,1092.1121613970547,235.16723962817377,44.57150028154977,36.139756950024974,28.073216080500217,23.934529169752626,,3.358348301801755,-0.10079043128408825,10.229437227151692,190.36243175643676,7.569778121400247,normal,0,0,0.0,,-1,
2024-01-01 03:00:00,T03,6.681207316346102,10.689688916105215,1039.0420646293667,111.29281447905232,42.016734169201634,35.0953398082601,26.81254598537408,23.637564247139842,4.674852231804405,3.8405474578002274,0.02948765320763952,11.001161178528914,186.95625414475583,7.017221868282953,normal,0,0,0.0,,-1,
2024-01-01 04:00:00,T03,7.4225346124138545,11.21721276007402,1081.9018676707028,169.96588340409545,39.92425779056157,33.883343731637076,26.309394661097855,22.80451134169491,4.697642413730002,3.4309751552086776,-0.005285122406444111,9.181637390813622,190.8022055771496,6.688120129226548,normal,0,0,0.0,,-1,
2024-01-01 05:00:00,T03,6.808753951855757,10.75780855289999,1042.4817008191992,86.61009822673536,37.751907754803405,32.13130734094263,25.49338171596203,21.801663637225346,4.781257579888122,3.802618061626293,-1.4476436010364095,8.30706231168629,187.87152813593102,6.06015831648066,normal,0,0,0.0,,-1,
2024-01-01 06:00:00,T03,6.953729914905399,10.982908332620147,1071.110043240898,166.01317678670122,36.81197500251903,31.03531279327453,24.2761846446011,21.489985228972913,4.71815643211805,3.4558915375160946,-2.6097970464830422,8.22275376566593,191.85654807230313,5.344275269114629,normal,0,0,0.0,,-1,
2024-01-01 07:00:00,T03,7.714239517150752,11.03246802566697,1066.3680875984885,235.54767933379136,35.601592851559616,30.10676971375526,23.21740031890414,20.804307631382837,4.718651827620697,3.8756796481475253,-3.1610604128053685,7.603156383306518,192.34721847690483,4.705211434152234,normal,0,0,0.0,,-1,
2024-01-01 08:00:00,T03,6.468192748481742,10.445425953852531,1006.9373253639718,84.15991555818974,33.293205368086724,29.480896791355978,22.880888433839047,20.134238084882835,4.81679837244237,3.587432838873143,-4.242403434054337,7.0023175477746165,189.65009807329264,3.9358750372840134,normal,0,0,0.0,,-1,
2024-01-01 09:00:00,T03,6.399956358620527,10.354030739522962,1002.4299930431708,97.0774569937659,32.09792482078043,27.795182441331182,21.785622037450615,19.510505921353225,4.663356412527627,3.6754960628019857,-3.2695257238779467,5.566299425259653,193.08789404308163,3.4941959512763776,normal,0,0,0.0,,-1,
2024-01-01 10:00:00,T03,6.155997846823139,10.133665920343933,986.0104964623354,59.82320356387586,30.806652829116782,27.45589772878284,21.175485839187445,18.772303297998928,4.732550248313056,3.3399453517640874,-2.481019134067688,5.976562907134147,195.7433613962054,3.3350448078144583,normal,0,0,0.0,,-1,
2024-01-01 11:00:00,T03,6.641275522990582,10.24445301667434,988.0932487123933,121.60975165013697,30.06643872548594,26.51441997102595,20.540545567238052,18.264255059831044,4.820057973144556,3.610112481304388,-1.6763253729076109,5.779025903089981,188.5240062652434,3.401895139656503,normal,0,0,0.0,,-1,
2024-01-01 12:00:00,T03,6.7357278906590805,10.672357454830962,1040.639558908066,105.5501843618186,28.76185608173314,26.131782434796623,20.103326811236087,18.111012518766124,4.8120220790274635,3.326959072005623,-1.9024543297266272,5.565192342238779,183.1364231167588,3.4316862681776232,normal,0,0,0.0,,-1,
2024-01-01 13:00:00,T03,5.315131643196803,9.620315843706555,931.2732306856881,36.58686433174686,28.185911944414613,24.950331050284117,19.318748055970097,17.296551282608313,4.602417084458706,3.7351267477469774,-1.701025594908686,5.983093877623847,190.4669183351076,3.3522492735711165,normal,0,0,0.0,,-1,
2024-01-01 14:00:00,T03,8.480140895076673,12.108225440298222,1177.2764985882798,363.61266856729617,28.535220935560716,25.655167966430472,20.359777920620008,17.012611249231533,4.796967714024708,3.766112224583061,-1.3181728422401875,5.268351096315388,188.47147548998055,3.6160257919158227,normal,0,0,0.0,,-1,
2024-01-01 15:00:00,T03,7.5516368323232665,11.353137922295188,1097.8200134052474,217.33012636010645,28.566466954616168,24.83389770552036,19.208966676988457,16.89099482290072,4.724003248386913,3.6783688778835884,-0.28016781396644486,5.869791005410411,189.99548422905596,3.9597428729194517,normal,0,0,0.0,,-1,
2024-01-01 16:00:00,T03,7.312153196283416,10.994716376150766,1072.3637511114655,166.72795558260958,28.18000557794417,24.702445675082252,19.311224221247315,16.82447395367472,4.755767872583379,3.7891234122622475,0.984752587570361,6.235742883505584,190.49648003498737,4.521729495081458,normal,0,0,0.0,,-1,
2024-01-01 17:00:00,T03,8.13070923008349,11.77182544212369,1137.843222321261,287.89415190104927,30.01791118585404,25.399806895870842,19.228178160552954,17.520401608717293,4.817816637807076,3.5725490596424896,2.2887277127404415,6.694799167232989,192.85886525833118,5.359977598277383,normal,0,0,0.0,,-1,
2024-01-01 18:00:00,T03,9.307086266740697,12.291602516416381,1193.9435501198452,589.2345606840851,31.671089722893207,26.269747358659803,19.78157121712642,18.135214157636703,4.909079429014665,4.134490638538226,3.845684107989189,7.8418456133619605,187.00614867541904,6.550273053785542,normal,0,0,0.0,,-1,
2024-01-01 19:00:00,T03,8.589734639441058,12.115507577348387,1176.0828780015022,384.4516465418867,32.66045936018256,27.02291236560595,20.338235101360144,17.94432363106355,4.845557229706108,3.481671710698264,3.888199732098468,8.959022547681553,188.5434659844831,7.429108625687143,normal,0,0,0.0,,-1,
2024-01-01 20:00:00,T03,9.377177134127349,12.48048365914451,1206.5323226875148,575.3836394168709,33.92161660869358,27.940046058103686,21.496415305520845,18.33058891046956,4.936922465021735,4.266344330783107,4.679080764432809,10.593002836190925,189.12603740278357,8.272610986258648,normal,0,0,0.0,,-1,
2024-01-01 21:00:00,T03,9.138159793128974,12.352540501745166,1199.761634019574,532.1848895977508,35.940320784688154,28.799079040233202,22.273196890237678,18.819184572905314,4.858911742915364,4.1636933433035725,4.928603945509764,11.184362758998347,189.03118295651515,8.970214942644919,normal,0,0,0.0,,-1,
2024-01-01 22:00:00,T03,9.153798133379953,12.593578071982572,1212.4055621890539,511.0423126761239,36.97225767484538,29.466791329972075,22.52926957374625,19.251948342961068,4.867067620225732,3.8883531922974677,4.727895206237254,11.266182878069454,187.98402173542996,9.420567494911737,normal,0,0,0.0,,-1,
2024-01-01 23:00:00,T03,9.2474288243179,12.500608047102789,1211.9571773391942,527.6290721707347,37.35358819491694,29.92031265798943,22.870830739482624,19.81014754373713,4.877147085468809,3.7782429999605514,3.1937671537969625,11.628949449763509,187.5659652665234,9.41581358949914,normal,0,0,0.0,,-1,
2024-01-02 00:00:00,T03,8.71016001320424,12.1169368366388,1169.2726593585514,411.6984496762683,37.323417096884754,30.109569215530392,23.07333375484388,19.767921974912973,4.908535369415673,4.14221232217723,1.6203571654716593,11.929952259242983,191.23232533656494,9.052467783292464,normal,0,0,0.0,,-1,
2024-01-02 01:00:00,T03,8.469969929369773,0.0,0.0,0.0,35.15806202003833,28.600349619740825,22.58546392822099,20.137641815128703,1.6993719556521536,0.5218886146972511,1.2012689165465085,11.129147968272138,174.68245219073358,8.42103578577529,maintenance,0,0,0.0,,-1,
2024-01-02 02:00:00,T03,8.652493613094638,0.0,0.0,0.0,,28.370693195233432,21.4025172472718,20.631128882477967,1.6331222685575735,0.5058518436972992,0.40207393458743507,9.810709093095351,175.32972784372853,7.735862440299751,maintenance,0,0,0.0,,-1,
2024-01-02 03:00:00,T03,8.165249604643463,0.0,0.0,0.0,32.28623742267752,26.675744547889728,20.861742681420345,21.015239736169608,,0.5300333664663862,-0.8114667939267262,9.232494745823608,170.4996105429446,6.96929143534318,maintenance,0,0,0.0,,-1,
2024-01-02 04:00:00,T03,6.592718186790568,0.0,0.0,0.0,30.21429507334921,26.711277441320995,20.261661152530095,21.08908917829499,1.6858738697683897,0.5816873078785647,-0.8866182232829743,7.8993479816893615,172.26729946600605,6.197815485788267,maintenance,0,0,0.0,,-1,
2024-01-02 05:00:00,T03,5.911437649120746,0.0,0.0,0.0,29.449069489503145,25.392481925943315,19.829535863434778,21.94843450979511,1.6465922205021994,0.5324393903865945,-1.9976277397572706,7.1273365960077335,169.57767689418145,5.483099600953905,maintenance,0,0,0.0,,-1,
2024-01-01 00:00:00,T04,9.767919503537593,13.186747524681245,1274.9227990079953,703.4490425501227,46.08270097612834,37.70213493846977,28.145899935912396,23.63801712499689,5.465968296355975,3.891669173990967,0.9300336247282177,11.514043337885381,193.54894846089522,8.07233598527192,normal,0,0,0.0,,-1,
2024-01-01 01:00:00,T04,9.08822890187374,12.739901786400823,1226.1478475485853,520.8434492603642,46.04400330207956,36.786759832244044,27.98284303921763,23.62212045546527,5.322275244135881,3.4152638327173306,0.5499852021881027,11.93949279125893,194.83418857902808,7.837934252983263,normal,0,0,0.0,,-1,
2024-01-01 02:00:00,T04,8.27660194744734,11.972313179007182,1158.932116711419,375.12678004394553,44.217470277169696,35.88512195479638,27.59447921926722,22.480438789130936,5.1748854637455395,3.683242540261501,0.05759651883464957,11.596119079406034,198.5717603954457,7.462039010605946,normal,0,0,0.0,,-1,
2024-01-01 03:00:00,T04,8.862804458983469,12.377130325468377,1204.892224932214,466.25220269295465,43.10488195936167,35.41187184302548,27.1474300518268,22.358699751536726,5.286389838651789,3.4239762008032244,-0.6258344095089294,11.431314082590369,196.45444365337738,7.167458558084575,normal,0,0,0.0,,-1,
2024-01-01 04:00:00,T04,7.962062308244853,11.807672639674415,1136.8553844498383,296.8201895953965,41.606406867944585,34.483193965534014,26.232522406160424,22.17873604121658,5.269878129791286,3.7155629232492635,0.4024049547684545,10.521347318399947,196.79258089144753,6.889028589358072,normal,0,0,0.0,,-1,
2024-01-01 05:00:00,T04,6.547900602528224,10.749795037189237,1047.0749627758087,112.86082937105587,39.239262955856034,33.51832688745486,25.216149318130032,21.11952722724233,5.280141337822244,3.2319934872200373,-1.5225420140830899,9.768508544783424,196.69844464340656,6.2341923979385,normal,0,0,0.0,,-1,
2024-01-01 06:00:00,T04,7.12256444218061,10.653913994785231,1032.6458154167774,156.0364069332309,38.18315899036847,32.47500035089327,24.751217768236423,20.562044356838346,5.311824651606846,3.1338050546837284,-2.8159381488227417,8.428336233734326,195.06001339048564,5.473437184548454,normal,0,0,0.0,,-1,
2024-01-01 07:00:00,T04,7.477903447583304,11.146167829874285,1074.9908778937079,197.93292269603222,36.55917318499047,31.916275973174443,23.65492157507862,20.152486329161068,5.142798299846803,3.33980104956129,-3.293804338681264,8.144608458060059,197.2757300207905,4.7811319888096975,normal,0,0,0.0,,-1,
2024-01-01 08:00:00,T04,6.990346942455147,10.711385941803291,1033.2905647688785,,34.78377100360763,30.300321464831914,,19.378099497708696,5.230827116503211,3.1797515426232246,-4.292873071205365,7.165247737005384,195.15553517445508,4.0122171825890955,normal,0,0,0.0,,-1,
2024-01-01 09:00:00,T04,5.746533546410414,9.79258845948207,952.5647721875489,73.20045454773887,33.1507372187775,29.561488373182197,22.076232940503193,19.097673697088737,5.150125600789526,3.2089307270011074,-3.3129476958590867,6.521209363760428,201.7034341118203,3.537984002999964,normal,0,0,0.0,,-1,
2024-01-01 10:00:00,T04,5.929518108891188,10.043762974342055,974.5993695810556,43.62109290687003,32.130948137480466,28.54434535071662,21.766421589446974,18.0166412815928,5.224334753626117,3.2646535528402523,-1.8753368480062744,6.189850940413723,195.50321797460936,3.3585060951252315,normal,0,0,0.0,,-1,
2024-01-01 11:00:00,T04,5.711834718009475,9.692722339748075,940.5465477707909,37.48929390905351,31.281655707367026,27.161188493487924,21.14089804232517,17.71090234980513,5.146629119689171,3.0626613705119214,-1.9572494874440658,5.324008140538081,196.4558328808488,3.364675441649791,normal,0,0,0.0,,-1,
2024-01-01 12:00:00,T04,6.216889944941752,10.165323847140366,987.0077478058703,89.57776740315352,30.133730048384415,26.96249926688594,20.506574074634507,17.26368592728221,5.202240398442218,,-1.6288034109280494,6.442185654226074,201.16252152604198,3.392113108539669,normal,0,0,0.0,,-1,
2024-01-01 13:00:00,T04,6.229281516377206,10.408286319478124,1009.3145361297585,57.7545378213864,29.270944020595245,26.344200767175707,20.030024878910037,16.85265672849402,5.253815505311808,2.9590144989718783,-2.005520273029109,5.647941995733136,195.44434654532958,3.335352873556674,normal,0,0,0.0,,-1,
2024-01-01 14:00:00,T04,6.965633873835583,10.703369509452513,1029.3516741184667,100.64030424364103,29.174885444725362,26.006748518313184,19.98851029346026,15.859346189280817,5.192194698436544,3.2331980208195255,-1.4247405802166115,7.15294388156236,198.64821363107083,3.4292848394509456,normal,0,0,0.0,,-1,
2024-01-01 15:00:00,T04,7.707283437127699,11.362342624618293,1098.9256952451797,249.35929426588174,29.317126546493405,25.360804898074857,19.240518565507006,16.38803130312109,5.336829874644674,3.397281650785876,-0.4184711287342684,5.503340322684255,194.2574779557473,3.8352241808146594,normal,0,0,0.0,,-1,
2024-01-01 16:00:00,T04,7.399914665443012,11.569609831954516,1113.1767462564335,185.84564809579308,29.658081420720862,25.85674143175072,19.739765975308647,15.97171358899306,5.290237504124063,,1.3400720170414764,6.763451406983768,193.37056288069996,4.437222592298421,normal,0,0,0.0,,-1,
2024-01-01 17:00:00,T04,7.527046463583823,11.212594153310125,1083.4170268234307,210.078408516166,30.222891154263756,26.025313614309145,19.921289633339455,16.081089093334963,5.298771899493145,3.354674889610794,2.509859959826655,7.7933913583243815,194.3308339966681,5.242703823472591,normal,0,0,0.0,,-1,
2024-01-01 18:00:00,T04,9.15852403313992,12.460113290728238,1204.7676117882108,524.2678083020859,32.11079580882409,27.193534808001562,20.627324174401878,16.89370328065366,5.272548531264663,3.632010606133764,4.070823643317399,8.819768403058687,194.64850324889701,6.415921452865685,normal,0,0,0.0,,-1,
2024-01-01 19:00:00,T04,10.509878798295913,13.648432141588552,1321.761111106366,961.407374394672,35.28620660098033,28.987292293549327,,18.03504579745095,5.41463514379587,4.11811365601951,4.1602003205626,10.032324830438398,194.6397836290674,7.705105157352493,normal,0,0,0.0,,-1,
2024-01-01 20:00:00,T04,11.268680264646287,14.115976308151645,1372.6199278562424,1275.1339446998732,40.863439163020296,31.38860198412144,23.280975083460127,19.023059195610156,5.496070938283038,4.0041452402246716,4.506062156088983,11.743194148017936,195.00896937776707,8.949723482444401,normal,0,0,0.0,,-1,
2024-01-01 21:00:00,T04,9.008559820354245,12.240453304203136,1183.240705965424,474.43026601104384,40.0764319470323,31.895513219265602,23.897616247749028,19.06376944420053,5.31182254619387,3.1879233349070693,5.208033224007593,12.369904065943095,194.29966292601557,9.46024463810258,normal,0,0,0.0,,-1,
2024-01-01 22:00:00,T04,9.794278387526358,12.770888120017679,1230.3859955611574,680.6084191395616,41.54812219916069,32.983058306398746,24.208535981227502,20.165681104234768,5.406249506825102,3.3305448648381204,4.318544998066035,11.90713688287787,194.04994662532962,9.914704287634581,normal,0,0,0.0,,-1,
2024-01-01 23:00:00,T04,9.018437614292333,12.150144676080561,1178.6174115351516,504.85680700097896,41.7642446230957,33.01484833402219,24.639012722470543,20.729991322570722,5.233074177890667,3.7148834366153625,3.017691726787499,12.348048761354672,193.68068578343568,9.786210592810919,normal,0,0,0.0,,-1,
2024-01-02 00:00:00,T04,10.523176573012273,13.702195666716865,1323.8554242931225,980.3230032327986,43.19811447553249,33.99019745840181,25.61782559289924,20.598204631572067,5.333216193285354,3.8799977902528875,1.9622043084836989,13.224104868668633,195.94338538722113,9.716669651222963,normal,0,0,0.0,,-1,
2024-01-02 01:00:00,T04,10.864306861397695,13.693992131070692,1325.4106162449566,1106.5303563087687,45.5473525892615,35.11386362966411,25.85580214900554,21.378555401491315,5.3962839253944015,4.508760971248411,1.0305950181010457,12.955077124620294,190.99805040516807,9.669423277924865,normal,0,0,0.0,,-1,
2024-01-02 02:00:00,T04,10.525836888917928,13.601700487638078,1319.7647463953028,989.4858075806068,46.61492189425908,35.85260676900453,26.386464389803965,21.910434206330027,5.383869596170436,3.90934153515756,0.15111197842609805,13.759067317944806,192.31730950405964,9.362665317179621,normal,0,0,0.0,,-1,
2024-01-02 03:00:00,T04,9.494587018379557,12.58922629439376,1214.192862505048,622.3704494033831,46.13348925298506,35.815885772384796,27.10665333623082,21.353318087888344,5.281318339916374,3.6844385766971,-0.9576740563546778,12.626903084558805,195.37525852677499,8.648962175915711,normal,0,0,0.0,,-1,
2024-01-02 04:00:00,T04,10.624250049545697,13.48707896247893,1304.9866812866553,989.1523229400864,46.88189727796088,36.39223520359981,27.236954764741398,21.564857123611212,5.348844659083603,3.7228078433852883,-1.9511161902557552,12.623575453549304,190.17795239109532,8.160799196575299,normal,0,0,0.0,,-1,
2024-01-02 05:00:00,T04,9.561572372618663,12.623095584667066,1220.7748608900706,635.6869313322205,46.296049067208074,35.94815143820927,27.29833079772648,21.599055317631066,5.378016039213038,3.66335914852254,-2.077062622181998,11.73638367544878,196.2006598900499,7.433780270047055,normal,0,0,0.0,,-1,
2024-01-01 00:00:00,T05,10.538306580746694,13.574600444839353,1319.2744505922105,1016.2174936794387,52.62274513159496,41.97204996182801,31.387161670044897,28.00796288039235,5.3321173116171705,4.084352604256779,0.8267589749067579,12.68615985317298,186.5819230548342,9.010641338659866,normal,0,0,0.0,,-1,
2024-01-01 01:00:00,T05,10.273405708245507,13.241298980452054,1290.5872565141472,917.0819530125153,52.17150404955757,40.7038012712045,31.7034240537546,28.138067086825945,5.4289188055410245,4.0476968857123445,0.5469469124807652,12.769623910563482,188.39037325698945,8.831329841102281,normal,0,0,0.0,,-1,
2024-01-01 02:00:00,T05,11.330106871941265,13.982508894755414,1362.1594575740473,1368.0993498659138,53.277543140146605,41.422027275511134,32.059170271800795,28.06628205370889,5.414303088296214,4.394341305016689,-0.3156991580694852,12.510029526618844,190.18381937096143,8.89224946542128,normal,0,0,0.0,,-1,
2024-01-01 03:00:00,T05,8.559588603177898,12.030283618018348,1171.5106343708812,405.8190493062287,50.73633297578976,40.011969359965825,31.49984737209219,27.629662220327614,5.32445214612832,3.7555586997251185,-0.28614795917098096,12.505306272546646,192.90878982378118,8.243136831605296,normal,0,0,0.0,,-1,
2024-01-01 04:00:00,T05,9.365126968691674,12.858989664833446,1247.717186696097,620.724638539419,49.099102278893966,39.77537575837711,30.605628166871128,27.229657958783104,5.282145889623437,3.8515842439448686,-0.21438313842052664,11.86582411370564,191.89119577372438,7.941834579007289,normal,0,0,0.0,,-1,
2024-01-01 05:00:00,T05,8.962031686525295,12.272361551660495,1198.901228749654,490.03553406981297,47.183429262914395,38.99906492381797,29.84452552457253,26.76518492776397,5.3087933213034315,4.177673994230526,-1.2923078614160624,9.88732156667624,191.8635058481949,7.304316374966069,normal,0,0,0.0,,-1,
2024-01-01 06:00:00,T05,9.225366936887276,12.279190923873053,1196.347896783548,564.5246765332732,46.061328022289146,37.54729897987217,29.323671278173006,26.0353638629367,5.382746965835171,4.076924241504876,-2.7487113313404516,10.225529656892506,193.76090299308686,6.577736144565986,normal,0,0,0.0,,-1,
2024-01-01 07:00:00,T05,8.218177546650754,11.62465967343499,1122.8143565295575,330.3112325584683,43.93581405440895,35.2455917714123,27.431541174234788,25.1154412772108,5.168508141665372,3.736151733831483,-3.146021546867726,7.92998838343961,187.42113944734078,5.729854862132579,normal,0,0,0.0,,-1,
2024-01-01 08:00:00,T05,7.67690981132474,11.266418623129725,1091.80725386004,237.60024222918557,40.84832718543467,34.18999814462206,26.870885884660595,24.501882342363878,5.215857211752754,3.1947234533346465,-3.884642509621157,7.378756540256556,195.92402987437018,4.836367526711539,normal,0,0,0.0,,-1,
2024-01-01 09:00:00,T05,7.255860434393421,10.965701901473494,1057.6099840633426,178.14801591476555,38.533362074410086,32.459660676895616,25.8876314428653,23.095194453426465,5.152866916369581,3.6637876193656878,-3.2689830887887803,6.58017431124102,189.46269434036822,4.250086661917708,normal,0,0,0.0,,-1,
2024-01-01 10:00:00,T05,7.125922255019289,10.872485104799411,1052.7200301783005,175.98482284658894,36.94083596873223,31.382841567913513,25.262164220469064,22.467336817038056,5.213683075265788,3.4834803947347392,-2.6889097608078854,6.353012769857744,191.39434066067952,4.001306230841286,normal,0,0,0.0,,-1,
2024-01-01 11:00:00,T05,7.406189958431409,11.08356868235134,1070.096012906518,202.36283541364162,35.47646177394597,30.723349595628893,23.970159637333083,21.873210517077883,5.23996605114275,3.7595775097422965,-1.5453849289950456,6.290019455188762,191.5910535069331,3.9748760849013416,normal,0,0,0.0,,-1,
2024-01-01 12:00:00,T05,9.292044995230517,12.600872914706999,1217.8075387923088,625.8926486140392,36.124041410519865,30.1029026853819,23.775134261052745,21.767774931071926,5.222338301275426,3.9089420062969644,-1.5914196398310312,5.95751067572458,190.74123450373733,4.222037431875063,normal,0,0,0.0,,-1,
2024-01-01 13:00:00,T05,7.129212408224982,11.076630879784764,1075.5970438137385,198.80794596639748,33.80543293040356,29.16764802365869,23.205975345088245,21.131366197854366,5.2670582609123695,3.684030793096543,-1.9166283547928789,6.025877925596098,,4.075789095133989,normal,0,0,0.0,,-1,
2024-01-01 14:00:00,T05,8.750065954156634,12.291008456429388,1198.3602778032484,426.64886838726443,34.72017164984658,29.196076917437324,22.557366030764594,20.422441732544286,5.319811219528838,3.5759864018989536,-1.5528293682354997,6.647817332499363,191.7793792152982,4.2219907446160425,normal,0,0,0.0,,-1,
2024-01-01 15:00:00,T05,10.239238059847004,13.175940648856656,1283.3289421249183,877.7502615068607,35.82014092183359,29.99589334373931,23.68191667891207,20.90718557050302,5.398247722389674,4.460980088137223,-0.278903646852409,6.913314924460483,190.22154029852433,4.868272825222482,normal,0,0,0.0,,-1,
2024-01-01 16:00:00,T05,11.649725101354786,14.29414403505259,1384.2636556672237,1539.6738306349403,40.47496460668604,32.182451761074134,24.162903716710034,22.360595512279094,5.4639309477092715,4.406144426873969,1.1908541079303288,9.122634157356872,186.8067548342197,6.13652713541236,normal,0,0,0.0,,-1,
2024-01-01 17:00:00,T05,12.445643419419604,14.787192093364297,1424.459907936305,2027.0424983363637,45.73725688027999,35.69526937642388,27.300009726095645,23.13209651281912,5.5492698208059625,4.775485764669134,2.4083977419027507,10.295786141725463,185.975498358966,7.767357666382793,normal,0,0,0.0,,-1,
2024-01-01 18:00:00,T05,11.40414096867827,14.152570855357034,1378.0723882622365,1408.8882536352448,48.886715553064086,36.772067028588,28.174648132863542,24.91899560708444,5.50809926515351,4.439932732235335,3.8182890838811745,11.988117032989098,188.84616201062792,8.969000944255528,normal,0,0,0.0,,-1,
2024-01-01 19:00:00,T05,12.188784417689936,14.659992993097012,1421.8348222015804,1845.377673509587,53.60396945185875,40.29355167093509,29.847670812456727,26.031042065952153,5.608897137826702,,4.279073270382755,13.480513276535861,,10.279927558052416,normal,0,0,0.0,,-1,
2024-01-01 20:00:00,T05,11.129473701495078,14.073824556034412,1356.1333237363601,1255.2450908886997,54.75296943451501,41.19328403863696,30.974123254191074,26.676939315976373,5.383323449713565,4.534352126306347,4.458823207541804,14.52945121883607,184.11138207305098,10.944958311474966,normal,0,0,0.0,,-1,
2024-01-01 21:00:00,T05,11.107149110907901,13.895236683854494,1358.265145528041,1272.867785854416,56.06373949761859,41.983637792723314,31.54027667886287,27.446379044694574,5.435395504658902,3.965920606367217,4.740227729877974,14.509980049026002,192.40502821872244,11.543496567843047,normal,0,0,0.0,,-1,
2024-01-01 22:00:00,T05,13.029185110557858,14.780054599631974,1435.604759558752,2059.6935055333124,60.73813524609528,44.67994221228593,33.47689119117284,28.641462244107803,5.6065095279519355,4.425357019065484,4.7650252537363045,16.110484777986898,184.17967976286857,12.44983694985202,normal,0,0,0.0,,-1,
2024-01-01 23:00:00,T05,12.017846042572632,14.536901204519891,1414.5377987836396,1768.9637059678203,63.41298896262054,46.18373806948469,34.56000870420486,29.601125344795797,5.6343575243003965,4.47398945367711,2.749620063106744,16.620011193041535,187.42029465005467,12.597924622658637,normal,0,0,0.0,,-1,
2024-01-02 00:00:00,T05,11.989450240065175,14.543597850425337,1401.1520153572487,1752.6884049291714,64.16882920993278,46.98214279212688,34.77464408902371,30.47181653639482,5.516198499925114,3.856982888348464,1.593730177480196,16.56199664699311,185.416178191444,12.419567759623789,normal,0,0,0.0,,-1,
2024-01-02 01:00:00,T05,11.904991142518076,14.62359317978879,1422.6926495956216,1686.0574279085338,65.2630871650388,48.790297636837316,35.74236535868638,30.953116974165575,5.515127991011575,4.03015605896358,0.6981840783739779,17.17007285746345,190.92168740518824,12.160171669733355,normal,0,0,0.0,,-1,
2024-01-02 02:00:00,T05,13.028993887495584,15.066740903024728,1460.647721293295,2038.1256180128119,67.86885077145547,50.123545245489844,37.11635608338094,31.612545928863945,5.649163148579462,4.721236178105452,0.08427720666269883,17.07457666857293,188.40525931806266,11.997551337675498,normal,0,0,0.0,,-1,
2024-01-02 03:00:00,T05,11.455912948941714,14.17299226229297,1372.5280417668937,1416.7683326596539,66.81971668220282,49.869072833085454,37.53893787380995,31.460696208930155,5.604853125760968,4.213780704503939,-0.8274489738454964,16.342543055403315,188.60768803500065,11.228475874851634,normal,0,0,0.0,,-1,
2024-01-02 04:00:00,T05,11.05544166870431,13.920623297682143,1344.1149915742071,1215.8483878634672,64.77651958976892,49.00551939187894,36.2958710126998,31.349137649715757,5.391877180393936,4.260159055013349,-1.4767510475352958,14.73524242120286,186.84904503878315,10.322439284594749,normal,0,0,0.0,,-1,
2024-01-02 05:00:00,T05,10.723473277638485,13.400032724186266,1300.7779391254758,1098.862472144705,63.768423318792486,48.65791238846852,36.181996715818165,31.56144658672124,5.365342615785388,4.0763467669288325,-1.5673309889893678,13.721146110835804,185.82730420842137,9.425555395638465,normal,0,0,0.0,,-1,
2024-01-01 00:00:00,T06,9.705857456022766,12.936083192299591,1258.7179535248245,707.6661104652512,44.36483728427169,35.61542001661303,27.66240664617267,23.710558908014143,5.288807783938701,4.098131332149778,1.0330566898999582,10.581203500112016,200.87811553386175,8.084987189017305,normal,0,0,0.0,,-1,
2024-01-01 01:00:00,T06,9.14312533262822,12.338169886805893,1202.9654723108133,546.3264958064873,43.91851490019604,34.86399237826235,,23.431260227513366,5.33162980723949,3.99077816668711,0.20672828399840118,10.783591533842335,200.08682933761455,7.864621002625104,normal,0,0,0.0,,-1,
2024-01-01 02:00:00,T06,9.497100427197525,12.765562672631045,1236.8900143299693,694.4723473714757,43.91690953396367,35.026153632485126,26.95314713612576,23.195005250687938,5.354722479197592,4.590878742327422,0.21921607745688068,11.295314720661123,202.00078409678108,7.693622749762752,normal,0,0,0.0,,-1,
2024-01-01 03:00:00,T06,8.779363207990771,12.131056699546951,1170.30167900586,492.18466521516734,42.34682882201127,34.07895630897176,26.505584498167092,23.020132221886477,5.198013204755957,4.242594740494427,-0.15073430286983985,9.476108535724233,201.950796065961,7.365209299891543,normal,0,0,0.0,,-1,
2024-01-01 04:00:00,T06,8.108136059708098,11.746922127627847,1140.2285820349239,329.7439420779612,40.990879470377614,33.59965265457427,25.53832791172506,22.48244282558688,5.238773399962638,3.859039715257071,0.554438227558442,10.786307070954345,202.63343013851582,7.065003844605999,normal,0,0,0.0,,-1,
2024-01-01 05:00:00,T06,8.668219051193192,12.23902746792572,1187.3476119818083,423.99356637099777,39.821654893208084,32.842552481009626,25.38803114916536,22.210243310011492,5.362677066772468,4.112862174663457,-1.5100216380390412,9.322269761030519,201.92192681108477,6.576800703451845,normal,0,0,0.0,,-1,
2024-01-01 06:00:00,T06,7.964345303959149,11.153076383712428,1086.4254296740294,272.0528994296527,38.300708845480656,31.93434299773771,24.873427421481527,21.39072420382568,5.1841496366136575,3.9897755344038033,-3.0783138509415293,8.984630674235277,202.11493250824657,5.817242547896502,normal,0,0,0.0,,-1,
2024-01-01 07:00:00,T06,6.644663086467459,10.434446265976108,1007.9236086052056,91.60462910894921,36.41859708918853,30.66356686286042,23.54581622074409,20.694775114798823,5.129130429865914,3.2726965810682334,-3.40623602620646,7.8183231239472954,205.2709577125664,4.979123498453699,normal,0,0,0.0,,-1,
2024-01-01 08:00:00,T06,6.061824732566441,9.955010103707298,969.1981907661622,97.88246678518385,34.59095320629458,29.31878771229123,22.604471970355046,20.05990920278107,5.223286779509422,3.55478384118523,-3.918736777744153,7.240338393519621,202.8280433260897,4.158583331248972,normal,0,0,0.0,,-1,
2024-01-01 09:00:00,T06,6.9599847581168675,10.64940280219222,1032.1387473178074,155.17810960610626,32.85754251590151,28.411478753985975,22.260637806141975,19.104732585478505,5.1872339568620855,3.683556336189504,-3.4794441725603624,5.922354729434751,204.4796995344924,3.70625485129319,normal,0,0,0.0,,-1,
2024-01-01 10:00:00,T06,6.702774229046096,10.589714542119058,1024.299877887933,110.40765002003565,31.19505600255739,26.782084843676927,21.39177279099016,19.08884216686003,5.23898860761487,3.6087006163082855,-2.248767063159904,6.007615941731089,205.12165462947667,3.533836484488637,normal,0,0,0.0,,-1,
2024-01-01 11:00:00,T06,7.7760666828212,11.250286308119211,1086.449241774287,249.29458861366612,30.960060262473714,27.106495395039957,20.70001220298265,18.19478793573224,5.325324468144445,3.7643530945326775,-1.7771843673008543,5.573079515604798,203.170050135949,3.6412246398582915,normal,0,0,0.0,,-1,
2024-01-01 12:00:00,T06,8.20136095387431,11.51427520456268,1118.213317559141,334.0586519197436,31.26226576427065,26.146504382828365,,18.338039391094735,5.282027932264173,3.999716129537755,-2.1026048933015447,6.538850706841802,199.71851623233448,3.769178866923249,normal,0,0,0.0,,-1,
2024-01-01 13:00:00,T06,6.967137088409402,10.836082112294765,1052.8127009003322,144.70519527106381,29.70774896667502,25.913300846205747,19.805545075612926,17.52420865819134,5.156310097713953,4.1184550203417185,,5.237884293228848,199.42305225133214,3.6868515990126536,normal,0,0,0.0,,-1,
2024-01-01 14:00:00,T06,7.740501436094473,11.442606566661844,1109.907568671416,267.25662237510693,30.11768308640962,25.484632897966687,19.70311331564971,17.493851779341856,5.157181455823595,3.7095358954413666,-1.4671117307879435,5.75594043142155,202.89383234860915,3.813420615273377,normal,0,0,0.0,,-1,
2024-01-01 15:00:00,T06,8.29876744108235,12.051477946736494,1179.3440386119578,353.747327685365,30.832282881738188,26.148212716559406,19.773498560524622,17.17896951726072,5.28562464147832,4.055986640538825,-0.07309202761479838,5.983488634005817,196.2891833126242,4.203746188013015,normal,0,0,0.0,,-1,
2024-01-01 16:00:00,T06,8.058597051072432,11.568433485844123,1125.5078089609763,307.11138050535806,30.827725827658927,25.832575566422037,20.114391345490333,17.905671002767903,5.112510180215103,3.891388386525378,0.9437600214590499,5.523261766163738,200.63361678403007,4.804705141303451,normal,0,0,0.0,,-1,
2024-01-01 17:00:00,T06,8.860672072927423,,1220.2991248161738,475.35199786493126,31.378425974247257,25.853894777652858,21.182240687489717,17.68659220442829,5.346753398223431,4.003150105378644,2.903707223326085,7.717736600604389,200.8330138855884,5.704420780666699,normal,0,0,0.0,,-1,
2024-01-01 18:00:00,T06,9.023420932287298,12.533817263529762,1218.2197712921138,520.6576693312666,33.07689278268001,26.994771011326073,,18.237472169336744,5.276591389823301,4.095599955101889,3.4574794741026342,9.393350490151773,199.93310318623224,6.773677987756349,normal,0,0,0.0,,-1,
2024-01-01 19:00:00,T06,9.538828791534254,12.684952830919777,1233.9294883814907,638.5541850975319,35.36304178576282,28.77876551715711,21.660008548059942,18.404471144834726,5.2672692681846085,4.359369941674358,4.607713600645722,9.456417585826708,195.57381457584177,7.771072149631099,normal,0,0,0.0,,-1,
2024-01-01 20:00:00,T06,8.010375094746982,11.41693848790205,1110.8075385424481,272.955362785552,35.05924384404936,28.569600167233414,21.518092087739085,19.030269497757512,5.268020373770704,4.210353891352992,4.729971181842164,9.709428112651942,203.17975790252788,8.339739872358262,normal,0,0,0.0,,-1,
2024-01-01 21:00:00,T06,7.45410689604974,11.207098302452106,1090.9065280104226,204.01351525244954,34.888786070397614,27.965167844252786,21.663675823564628,19.08026087293836,5.371441601550588,3.589682455592382,4.867102842298283,10.492794320243249,202.67306164449593,8.80598236673472,normal,0,0,0.0,,-1,
2024-01-01 22:00:00,T06,8.800580437177521,11.856969173779529,1151.568532816518,470.10990578828876,36.471573899969634,28.750701820773894,22.214099553688254,19.26737173643492,5.335724555737056,3.993061544673211,4.0201498097498405,11.44793264514892,201.29040220617284,9.26545069715581,normal,0,0,0.0,,-1,
2024-01-01 23:00:00,T06,8.599180596489703,11.916580433295033,1155.3030729188076,428.04849562426796,36.51564932800129,28.81538529194596,22.4662985732797,19.536787258812673,5.389026478488208,4.063107109207118,2.727448020073845,10.748327719336634,203.89452621286358,9.229099306728848,normal,0,0,0.0,,-1,
2024-01-02 00:00:00,T06,9.082003130264612,12.26546599287031,1189.6979329704639,528.7253135659596,36.91123330702691,29.071687483708835,22.242973303534896,19.20242695828361,5.283195755018389,4.419337921387581,1.7856375870112715,12.08102569904869,195.74620561033055,8.984068372898834,normal,0,0,0.0,,-1,
2024-01-02 01:00:00,T06,8.396382973821963,11.623069084574272,1129.5229224872498,369.6155621910551,36.30257056818893,29.301246521429018,22.581683642764258,19.426785885764183,5.190990229290952,3.7573877259381114,0.9647508720767977,11.157073515379091,203.9393018146495,8.611630516714355,normal,0,0,0.0,,-1,
2024-01-02 02:00:00,T06,9.355532384847836,12.594875308735531,1224.5605622962307,626.3907955564592,37.129396403397116,29.89910406590146,22.77759016629516,19.486907869879932,5.425607574597387,3.9501691408570716,0.4983008756674027,11.275755700681183,205.3541327378129,8.297944255499486,normal,0,0,0.0,,-1,
2024-01-02 03:00:00,T06,8.532839670087128,11.788816201159115,1140.203938196428,428.0512294576234,36.247477677018274,29.950593475814216,22.91723622659973,19.694035235278218,5.251972390599687,4.20477940837902,-0.7525142821143463,10.228359773073597,200.21840528034136,7.690229062641004,normal,0,0,0.0,,-1,
2024-01-02 04:00:00,T06,8.734185621734378,12.054307306465374,1164.4590716668004,439.75414494314947,36.686867262702485,29.122865925526735,22.61482919380737,19.30117284512543,5.159599029658013,4.054030164163293,-1.2029919080487268,10.548810863371454,203.86854032897318,7.050384570743049,normal,0,0,0.0,,-1,
2024-01-02 05:00:00,T06,9.46667732643499,12.625824606282512,1223.7432724080472,619.6737545854213,36.76847030457812,29.48098372974229,22.329388598177744,19.772734232409842,5.364427417361239,4.584268853032113,-1.9800451207129144,9.506057434632737,197.5868370266292,6.557088165245013,normal,0,0,0.0,,-1,
2024-01-01 00:00:00,T07,7.77769548145533,11.652858230190688,1132.7274181589949,249.83260659045598,32.54276382044221,26.752295082833196,20.312130250802827,16.72617218549521,5.190465182618365,3.4297090186946386,1.1921753571533809,8.479875658183236,197.55734740709855,6.7114866773929185,normal,0,0,0.0,,-1,
2024-01-01 01:00:00,T07,7.393563807342021,11.208611763631893,1091.9405701276255,191.04069179955115,32.580713692569496,27.083177571847795,20.621489512308838,16.216883469179297,5.221474587992496,3.341434044123465,0.6129497562145902,9.033677684845289,197.4037167639804,6.558801972913505,normal,0,0,0.0,,-1,
2024-01-01 02:00:00,T07,6.005406718625761,9.812087578227409,953.7697397462447,49.72427822496327,32.069905019784784,26.2419549570444,20.037338957836944,16.370714980781134,5.0201819447280345,3.0833959395302246,0.6417392081847648,8.398687617597727,200.135570678342,6.249550180951007,normal,0,0,0.0,,-1,
2024-01-01 03:00:00,T07,6.789380231931754,10.674434703012734,1031.567347772061,106.08190904349553,31.167766517649685,26.039062723214226,19.87893182063052,16.294595675552003,5.046797481051943,3.4525951388533094,-0.09076819173072823,8.464419578943104,201.3368180440984,5.984004877145079,normal,0,0,0.0,,-1,
2024-01-01 04:00:00,T07,6.589580291080913,10.596095946078226,1018.5975772793405,96.32996867592678,30.090294838833213,25.076092351355964,19.65112715002626,16.39649248806645,5.0860888533224005,3.5796476816059224,-0.13530328350662843,8.163497359168973,199.25610697457634,5.833611172418415,normal,0,0,0.0,,-1,
2024-01-01 05:00:00,T07,5.632825118605308,9.5646916205171,925.6786180803991,62.06219340204216,29.957859795050258,25.55481221937409,19.229434170986142,15.478466196127018,5.120934105396666,3.105371579841772,-1.5020161620190564,7.69822137457535,199.13613231302656,5.3774397129860185,normal,0,0,0.0,,-1,
2024-01-01 06:00:00,T07,4.866240385480671,9.229965736584123,895.1325745824336,14.249663201619244,28.775478033380804,24.702219483572627,18.139603649814642,14.869742649003673,5.080096851810868,2.8637038474537944,-2.418049751679927,6.9415173856133725,202.16257905784437,4.711590839422655,normal,0,0,0.0,,-1,
2024-01-01 07:00:00,T07,3.5138686785685307,8.018116874031868,778.0481684665378,1.165814307515789,,23.927776448106297,17.90475601911733,14.79814730115386,5.036727983212403,3.117182502223567,-3.4363353298598933,5.436779099487412,201.90025508136443,4.057025548075153,normal,0,0,0.0,,-1,
2024-01-01 08:00:00,T07,2.9940777646331753,0.0,0.0,0.0,26.73892653475691,23.3421651713342,17.737337245281857,15.669522181457978,1.7839174799522615,0.44736070283871276,-3.5290031732303118,5.757935911828705,179.84549607317493,3.3747445018754845,idle,0,0,0.0,,-1,
2024-01-01 09:00:00,T07,,7.951417407007861,771.0014957627702,20.556100013101343,25.77986951111368,22.474840064247285,17.434786475956873,15.249014736342062,5.091406845753845,3.095258149247738,-3.387307380816211,5.072808043245805,199.0024166642467,3.0060100380504866,normal,0,0,0.0,,-1,
2024-01-01 10:00:00,T07,4.0427136467113645,8.81728082309476,856.3802470936233,-20.0,25.505431336037244,21.679701484800447,16.79715668274985,14.430246655002184,4.955864008338466,3.213478888614216,-2.421616977276238,5.056208064876961,196.3743353771057,2.914776481146105,normal,0,0,0.0,,-1,
2024-01-01 11:00:00,T07,3.9237500463506993,8.375942473576202,813.3926405716096,14.750455349982136,24.86551558524308,21.516696790152622,16.251939965971303,14.47966318788875,,3.1185001079009593,-1.5796146011035304,5.683830805654889,201.37486293234505,3.003558709297085,normal,0,0,0.0,,-1,
2024-01-01 12:00:00,T07,4.6217868052775195,9.04584278768375,881.5369566941991,11.612194211488111,24.908163687809004,22.033853866856145,16.39585597697679,14.71260702056257,5.158311937939437,3.042244912097302,-1.575088041427117,4.963929323443419,194.09378884876142,3.058984778998059,normal,0,0,0.0,,-1,
2024-01-01 13:00:00,T07,5.5199653051569255,9.85741413680873,956.1589599600849,78.25434584137523,25.242942539549063,22.073245146354747,16.32813408785465,13.627790080025324,5.211029855393209,3.1885155417034055,-2.302249301742192,4.203377308890145,200.46422779698392,3.089042649807411,normal,0,0,0.0,,-1,
2024-01-01 14:00:00,T07,6.02803609223424,10.001640999040864,971.7468642281599,71.901998935089,24.870037202266726,21.07615989108579,16.00470440179442,13.75120793172428,5.027433511234408,3.1136038633678504,-1.169255453654243,5.288181819594333,198.1466486943239,3.218195583422876,normal,0,0,0.0,,-1,
2024-01-01 15:00:00,T07,7.664129823563893,10.951517726121448,1058.456498097432,252.3955841689062,26.41150685332858,22.146861901937626,16.723152674039273,14.14740377011047,5.101535278185602,3.5909521286498984,-0.004603690692140949,6.059579466394318,199.7770788847145,3.6725785124487613,normal,0,0,0.0,,-1,
2024-01-01 16:00:00,T07,7.815958181047226,11.28082844612279,1087.241577333967,221.20315131806967,26.92962585141663,22.24849550459777,17.113655086810603,14.012566241358181,5.201219845965821,3.5216285633897373,0.8086095481426305,6.881286323278841,197.09687720823146,4.333694923099723,normal,0,0,0.0,,-1,
2024-01-01 17:00:00,T07,8.039057195804093,11.463819105162013,1109.4948057917197,293.5459279358756,27.797969943821087,23.32166407791511,17.210685652052888,14.26611452871497,5.1917536337624215,3.1333023451481252,2.379810055637506,7.3198298456160025,200.8395630538413,5.217040804314615,normal,0,0,0.0,,-1,
2024-01-01 18:00:00,T07,9.241104132369319,12.393179444870157,1197.2051547001715,567.6164874136444,30.790142672634836,24.437351867673588,18.10842040966595,15.374925506677208,5.201441855033141,3.7171046602637006,3.8631331664720046,8.533631191144917,193.5204520151406,6.424514426136092,normal,0,0,0.0,,-1,
2024-01-01 19:00:00,T07,8.730496560822047,12.349397221705809,1201.3369867643887,400.530381428063,31.821221458027683,25.442695247509327,18.52145480428355,15.819709357288339,5.089861315130262,3.4810955134417663,4.17681371306176,9.077119888446754,195.48738394994842,7.341628861145448,normal,0,0,0.0,,-1,
2024-01-01 20:00:00,T07,8.863413208277617,12.166872100743731,1182.109743833049,436.04068192131916,33.40613694794017,26.143005097855752,19.29284430900043,15.982719320995617,5.1207205026252645,3.939275698428763,4.477200024359945,10.155102986929395,197.2977610321724,8.11241041796906,normal,0,0,0.0,,-1,
2024-01-01 21:00:00,T07,10.0014175678799,13.024325928409853,1263.3754701790779,804.9848829902994,36.28786252597177,27.997571575174177,20.581287258017248,16.8879608291345,5.3089160796380614,3.595473355859794,4.988540392468097,11.307509104937457,196.9158032507614,9.025306495018123,normal,0,0,0.0,,-1,
2024-01-01 22:00:00,T07,9.953318923717816,12.812301373962878,1249.830537659941,798.4397509349515,38.604741652838385,29.570305224879803,21.52430498704311,17.845312956616553,5.2013146110785256,3.4219476034931744,4.207500178314597,11.574264527680434,196.87803188458426,9.65322121501366,normal,0,0,0.0,,-1,
2024-01-01 23:00:00,T07,10.33485972225067,13.566894268218492,1301.401931050936,888.3608034039703,40.50542599543897,30.77410219979952,22.35437956100821,18.559459257995226,5.289076537497488,4.274272016612123,3.0802584824661903,12.06683686195047,199.88335670576757,9.835366433792576,normal,0,0,0.0,,-1,
2024-01-02 00:00:00,T07,9.552672565498202,12.86352912094195,1245.1891134827517,653.4842081658442,41.04243430954241,31.350879328490503,22.95488262271211,18.46257086041676,5.046870136195162,3.805008351763762,1.6103889062133752,12.29329049486219,194.90760543865656,9.539297602444465,normal,0,0,0.0,,-1,
2024-01-02 01:00:00,T07,9.7571949157061,12.906988031923786,1250.6556287659807,721.3276942064036,41.517572343455896,32.03470536423616,23.05761533942426,18.949616855521977,5.36721583777406,3.83916272985167,0.840755978080904,12.673137887689002,195.70726716841608,9.276839322890076,normal,0,0,0.0,,-1,
2024-01-02 02:00:00,T07,9.505946485420706,12.573467838811306,1217.7016403680602,631.9625643856821,41.875446451348004,32.1177804322597,23.77933239029245,19.27805277339174,5.2437335963216585,3.404978147674416,0.06858192323043563,11.66500525967987,200.67071669476493,8.820484491743835,normal,0,0,0.0,,-1,
2024-01-02 03:00:00,T07,7.562418604639223,11.540824149102505,1118.8692697351694,245.85192341126807,40.12894715525878,31.65830957723132,23.72044375736328,19.267850981841658,5.214192771077185,3.5195542955902948,-0.8100937407306745,11.395856699899062,198.40575990734175,7.977558904921002,normal,0,0,0.0,,-1,
2024-01-02 04:00:00,T07,6.694878330967467,10.453153862940482,1014.3380450559475,101.36102384286056,37.98681796057128,30.882849893655195,22.374623304093323,18.577054321422178,5.146588604438501,,-1.4013240704887246,9.978847126424336,198.9517183821563,7.051162387795256,normal,0,0,0.0,,-1,
2024-01-02 05:00:00,T07,7.345764081621916,10.918882217336717,1061.0866853323682,173.72241334929427,37.0080833508813,30.44610007073213,22.26409771176888,18.125473538640044,5.1729848637231886,3.37747854301673,-2.1000944696305055,10.552978147192915,198.40578111193767,6.26336697732989,normal,0,0,0.0,,-1,
2024-01-01 00:00:00,T08,9.567591792171154,12.676919711508907,1224.3783567276143,649.1066416629191,46.45203701907951,38.22945085508784,28.236616382804662,22.537069366590178,5.425807833648504,4.24634194769415,0.9455634266123766,12.296601301219697,183.63155839480453,7.909308782610308,normal,0,0,0.0,,-1,
2024-01-01 01:00:00,T08,7.82032592906711,11.277898166016145,1092.7250343895357,254.06299643004348,44.51968794921353,36.93502131262734,27.910253473124662,22.231925686456627,5.330026659963781,3.9087686630129235,0.2047745743426103,12.081508863833127,181.06975498322888,7.534697936039194,normal,0,0,0.0,,-1,
2024-01-01 02:00:00,T08,8.877681953181899,12.270055929007368,1192.8814395067172,453.8704086389173,43.40276225656534,36.959167712173745,27.480624926374443,21.893336209740742,5.361368188145991,,-0.14333375272638796,10.222226394769075,182.12462599956692,7.277485478262253,normal,0,0,0.0,bearing,0,286.0
2024-01-01 03:00:00,T08,8.168960270456688,11.477342268869872,1110.7731461141134,282.46720003924486,43.087609316226406,35.527085383140474,26.375442223709882,21.220648900559855,5.396281015828849,4.092733302084974,-0.16174664126691285,11.766315148385011,180.54652806292756,6.902208701105046,normal,0,0,0.0,bearing,0,285.0
2024-01-01 04:00:00,T08,8.452894814559118,11.842302650671698,1150.1531824278484,354.85586677145966,41.18563104378636,34.799860207216184,26.352891227685454,21.37491476955415,5.446493617680051,4.056893448095586,0.2766510086170284,9.793245390231206,178.73742615669227,6.720437247850241,normal,0,0,0.0,bearing,0,284.0
2024-01-01 05:00:00,T08,8.791519872883509,11.966947327268674,1157.6162224839663,406.7851702301725,40.99414290196028,34.6243128800461,26.159635171085426,20.901043692194204,5.37156283073172,4.099587381313378,-1.5265979759450508,9.916951659881803,182.70470222852882,6.296681216529409,normal,0,0,0.0,bearing,0,283.0
2024-01-01 06:00:00,T08,9.88240406206397,,1265.6295109832038,720.1691924152343,41.784653772417045,34.27249680598491,25.729810390088034,20.996077022257502,5.422841227601973,4.078800361849033,-2.562129124470308,10.096133736767358,177.37181869462216,5.894506101467485,normal,0,0,0.0,bearing,0,282.0
2024-01-01 07:00:00,T08,9.321188823098055,12.388951770510761,1195.7692051550036,562.1010490063404,41.075485401228,34.28706295063901,25.650945691754576,20.406928180924897,5.441382255822331,3.6660544890469806,-3.0560787586427454,9.098276595723332,181.5801188783195,5.349916707371344,normal,0,0,0.0,bearing,0,281.0
2024-01-01 08:00:00,T08,8.349089738340547,11.729348471685439,1142.4721380212075,351.20881529961997,39.31390323504425,33.82298937099634,25.018015654681758,20.254595119812066,5.36951681536037,3.8672653385339713,-3.774232143591888,8.642685156746438,185.6185825417645,4.614997424224263,normal,0,0,0.0,bearing,0,280.0
2024-01-01 09:00:00,T08,8.067567145826429,11.670326089453273,1139.6451268041221,311.4085173162917,39.004170369153755,32.898468411962114,23.736400532700817,19.843622185620408,5.3827293974319135,3.668469279830132,-3.3941646923021174,9.322520257157464,180.03135601632027,4.165369912902639,normal,0,0,0.0,bearing,0,279.0
2024-01-01 10:00:00,T08,9.322953328674231,12.732775921629983,1234.1526194019532,573.2385731986078,39.64259587167094,32.938557901429625,24.234392466813286,19.395448715292858,5.356265120181183,4.2016669350897065,-1.7288540341766665,8.109460726099833,184.33840953477804,4.197414641841865,normal,0,0,0.0,bearing,0,278.0
2024-01-01 11:00:00,T08,9.10882825834089,12.409167352192437,1203.3810930685552,486.07523627727466,38.964543752216066,32.6269200035492,24.313384889905095,19.266912862182522,5.393175856498909,4.175097632727564,-1.7721524591448248,8.21216701571144,182.17839050322794,4.315090830051791,normal,0,0,0.0,bearing,0,277.0
2024-01-01 12:00:00,T08,8.46677987608853,11.958863260283458,1161.4556757402001,333.9171582462276,38.852191832294935,32.40422479110238,24.339998913810827,19.1362832668818,5.423821043722886,3.6469269696355817,-1.8962106036400483,7.81950588413886,184.05666150848114,4.294701109449658,normal,0,0,0.0,bearing,0,276.0
2024-01-01 13:00:00,T08,7.9932611854006,11.647677132307264,1126.9307399409274,276.97107629423584,37.70425747244387,31.41989877750121,23.594994615896244,18.64185637254586,5.357693160771654,3.568020261081552,-2.285311816269932,7.4330347235869425,182.88994557253127,4.184054429658546,normal,0,0,0.0,bearing,0,275.0
2024-01-01 14:00:00,T08,7.869436310101156,11.475737038525764,1103.9415481576411,235.83879039480252,36.7954689613259,30.722569505675807,22.61999019205409,18.715102567371023,5.434222371314623,3.79055462658681,-1.2671896943096894,8.517181014738108,182.46403869346213,4.180503054070172,normal,0,0,0.0,bearing,0,274.0
2024-01-01 15:00:00,T08,9.046675720108244,12.43205667394914,1210.8081161173084,500.117303855354,37.535208917660455,31.026575315675004,23.09254680166028,18.733341858446686,5.407709304918275,3.9538145008780976,-0.620275917382877,7.35110061037061,178.2651845957035,4.586674674546708,normal,0,0,0.0,bearing,0,273.0
2024-01-01 16:00:00,T08,9.977254176906207,13.27845483741369,1283.2020086352222,799.0655913735966,39.55283423375759,,24.013425901504526,19.215623946810933,5.523541831214646,3.8959791570029636,0.761342845023079,8.041912175809001,179.24959841424666,5.428079139972769,normal,0,0,0.0,bearing,0,272.0
2024-01-01 17:00:00,T08,9.454710435763559,12.814780814271685,1237.1146717086601,593.4058692034464,40.55026378335337,32.827006765044906,24.29136591993659,19.375841414005066,5.382397518668084,3.990945507834113,2.487411214830963,8.80327150492976,177.59523267804303,6.268568054712187,normal,0,0,0.0,bearing,0,271.0
2024-01-01 18:00:00,T08,8.99801205562126,12.315511024736537,1196.6966988945196,456.62602149256304,40.35302985198687,33.60213503882045,24.69678732354276,19.34325466796935,5.332034975278453,3.779591069599961,4.117976811277501,11.472485077162762,181.26648394861348,7.171451973938285,normal,0,0,0.0,bearing,0,270.0
2024-01-01 19:00:00,T08,10.067670480373463,13.361535577461447,1304.7961096061144,743.6349159139736,42.150305492897246,34.27139727758293,24.991562621643453,20.272952790891456,5.411815673685721,3.9527026203071056,4.636193150838252,11.484738059300055,181.10420301606808,8.15068914119186,normal,0,0,0.0,bearing,0,269.0
2024-01-01 20:00:00,T08,10.459912961990298,13.398835977616939,1299.0197470702685,910.4146561769475,44.71033253144532,35.51871977802647,26.158031756191264,20.79928689293458,5.461932325165026,4.460780350631705,4.7738867954265105,13.277294561551408,180.168136503189,9.056564259413976,normal,0,0,0.0,bearing,0,268.0
2024-01-01 21:00:00,T08,10.237918281422996,13.23875073648855,1282.3722312239202,858.944187795038,46.11903577453769,36.6527379970719,26.951978381595346,21.978936008881494,5.527890947270164,4.07441514611779,4.953722858563281,13.898829480815005,180.29630631859158,9.797359632516285,normal,0,0,0.0,bearing,0,267.0
2024-01-01 22:00:00,T08,8.516191717653552,12.21212453867704,1190.213891054777,365.4653837935196,45.37152229180727,36.599668720306504,26.926526211196144,21.175510862896925,5.309536782323914,3.741505218760747,4.626351041693254,13.249377052254456,183.3067976311809,9.969659579948882,normal,0,0,0.0,bearing,0,266.0
2024-01-01 23:00:00,T08,8.294699000812471,12.060806862898108,1166.6946788846676,332.04634687149695,44.09549515662891,35.694503047656546,26.821182680630898,21.405975617757477,5.363150786408139,3.940805938995945,2.645163912041591,13.135420231582943,179.53289643897415,9.715020817130616,normal,0,0,0.0,bearing,0,265.0
2024-01-02 00:00:00,T08,9.305189740784945,12.642536775134795,1230.660145524601,547.9315511078113,45.17247111313805,36.77069826587349,26.56604686119019,21.451974775545438,5.4815975178758345,3.868001241118652,1.5329202556833794,13.095968142018968,177.77335948076836,9.375763267789834,normal,0,0,0.0,bearing,0,264.0
2024-01-02 01:00:00,T08,7.595951360553878,11.249467802959943,1090.553708356901,239.06363112972048,42.81425523457592,35.07462717298457,26.18218477340629,21.50592448540115,5.436560040167857,4.143362377620183,0.9288736421454272,12.186737192447676,182.61112283124245,8.830988260228853,normal,0,0,0.0,bearing,0,263.0
2024-01-02 02:00:00,T08,7.728185227921805,11.17361517455828,1082.7357224359744,218.62187409845214,41.18905085675348,34.64639068654387,25.808686978336628,20.637617476792848,5.388871207045068,3.849094011572757,0.5008455827990554,11.718203355459698,182.1505523185719,8.19991580727851,normal,0,0,0.0,bearing,0,262.0
2024-01-02 03:00:00,T08,7.186533281300802,10.974207081048514,1069.9544385058057,158.04846587153534,40.29061974773022,33.37051034779398,24.666711720817446,19.90920420479697,5.246019251919794,3.4454670847742737,-0.8967086508180605,11.000604975311749,181.9428391701141,7.435565049061825,normal,0,0,0.0,bearing,0,261.0
2024-01-02 04:00:00,T08,7.657578232002544,11.477054870033793,1108.386203242156,215.48783815826374,38.49258820943758,32.72930734666747,24.73519139473132,19.866988048953722,5.358746621677376,3.7254353568661576,-1.276660542783946,9.784449721380236,178.37161876341975,6.703730877673264,normal,0,0,0.0,bearing,0,260.0
2024-01-02 05:00:00,T08,6.032517626142534,10.061117104894958,985.8989945926991,43.344317140281746,36.98556585660545,31.670836363141408,24.16904943602306,19.209959794577273,5.312870882632433,3.7826751868493287,-1.857721261295009,10.259105816250386,182.53790719143754,5.906320855936789,normal,0,0,0.0,bearing,0,259.0
2024-01-01 00:00:00,T09,9.752845025129421,13.120881576849628,1258.7011663046653,653.8210013165036,45.83516890101045,,27.918886772197943,22.465337009524987,5.855221924739399,3.9322217173672547,0.87987718694793,11.208328017157509,200.0810691735925,7.923451861571062,normal,0,0,0.0,,-1,
2024-01-01 01:00:00,T09,7.708839912157016,11.35495022939236,1101.638486285695,228.03661179315864,42.84437183079968,36.281850950517466,26.851234726710587,22.10122258681538,5.871595660568934,3.6494254798341945,0.32263132152114804,10.745813218633014,202.716667647603,7.528552123768238,normal,0,0,0.0,,-1,
2024-01-01 02:00:00,T09,6.76859144122761,10.642584242022087,1027.8441221972603,148.92369640706872,41.333612601931684,34.58509008029393,26.075736271028802,22.141145286565468,5.721064498675349,3.008400355540707,0.09699018914097315,11.045663212918686,203.04061379595646,7.071426914617888,normal,0,0,0.0,,-1,
2024-01-01 03:00:00,T09,7.4873294441881475,11.228392572327692,1092.138000833481,200.82096139645006,40.229739758884904,33.93424775133231,25.56229531534968,21.1484441583277,5.813597085651988,3.584343456695212,-0.13788775043173448,10.498861113329067,203.72384622091212,6.687596503958196,normal,0,0,0.0,,-1,
2024-01-01 04:00:00,T09,7.521350884223331,11.295205814203202,1099.974312891646,,39.09774867205128,32.81174028228373,24.891339874140805,20.80020117668547,5.7353643305628665,3.2981911173813456,0.5284611311492067,9.515430671651934,200.1078311817021,6.451248168839309,normal,0,0,0.0,,-1,
2024-01-01 05:00:00,T09,7.526831283629091,11.43945614064759,1107.171224765546,193.53473194918706,37.20779804104443,31.652730201828533,23.788563527323284,20.26053859738664,5.9020450005138585,3.2475228429810667,-1.024310422867062,8.319661100881278,203.167480838096,5.945968445635431,normal,0,0,0.0,,-1,
2024-01-01 06:00:00,T09,6.649306817221388,10.811787837587802,1049.9024939553674,99.72607423472601,35.80116992712808,31.270201028475146,24.220525736509043,19.598842897690414,5.783170161432994,3.6881831317686813,-2.4317137591407763,7.0669514919736445,204.95263397790438,5.211457682171047,normal,0,0,0.0,,-1,
2024-01-01 07:00:00,T09,7.653407511581209,11.543796455593915,1122.3315647126065,223.93825458359277,35.11919872375885,30.154100256782847,23.326317409548803,19.11908368623684,5.845990071079028,3.8005556757104793,-3.0584043609521396,7.1594629971848605,203.09642682854818,4.593951496001109,normal,0,0,0.0,,-1,
2024-01-01 08:00:00,T09,7.689163058853089,11.31567180801756,1097.897080816442,236.3368324584913,33.721710396701795,29.160726978569283,22.834068648469362,18.68320550405213,5.804635275050542,3.4968300260352057,-4.10990848734785,7.230485134558249,205.8818341312338,3.9495290506803347,normal,0,0,0.0,,-1,
2024-01-01 09:00:00,T09,7.4610340206437895,11.047261305412002,1069.9935559232226,193.7590894600198,32.389563042298356,28.496974737753433,21.620709455805386,18.08387438104728,5.770386767684847,3.2636823175266647,-2.907805734567828,6.204143823672455,205.97344037917296,3.5686559591532356,normal,0,0,0.0,,-1,
2024-01-01 10:00:00,T09,6.829387858097242,10.410861516969032,1006.1827526205094,121.6174638558214,32.02420039467661,27.98772631313874,21.402825432588426,17.640876352874916,5.829897769538127,3.516492400346772,-2.1163617528496745,6.298375273680051,202.233029017984,3.4339078257510915,normal,0,0,0.0,,-1,
2024-01-01 11:00:00,T09,7.756992909445563,11.477324510312108,1111.7453859195255,254.92172886371776,31.634336657774597,27.226089511382558,21.157196024904103,17.256630925538815,5.800946802756265,3.4106950209864015,-1.7184263892984328,6.292994816106432,200.00109249117276,3.56699419860804,normal,0,0,0.0,,-1,
2024-01-01 12:00:00,T09,8.772333757032182,12.221661526105523,1173.562456343105,432.41281798238424,32.863803524016355,28.038349782633393,20.812404058360716,17.36253893325332,5.808780703625793,3.4811391678595816,-1.574167541942456,6.3279133155057,203.50268988631646,3.7761928723493954,normal,0,0,0.0,,-1,
2024-01-01 13:00:00,T09,7.001114638683077,10.999696239445091,1063.3644521684348,114.21761940731304,32.416501511435776,27.340955824669095,20.81720395931548,16.77976784920713,5.704376119826658,3.4764821262337517,-2.1161143792572608,6.419882098285691,203.77790598145228,3.6722007231749725,normal,0,0,0.0,,-1,
2024-01-01 14:00:00,T09,7.682087524947929,11.307132023668633,1101.9038793017223,213.99010712037924,31.61036673614207,26.71698432693142,20.296862808014374,16.321542673608427,5.8336182822591525,3.415503180534113,-1.48504263169407,6.075944699195411,203.45705916254667,3.7668370320518654,normal,0,0,0.0,,-1,
2024-01-01 15:00:00,T09,8.183500654961001,11.960083531474599,1165.1982691452633,312.6757552815577,31.384454729038904,27.153021464557312,20.399985048331686,16.9612357666353,5.998032379197208,3.742704480295389,-0.3007336503701378,6.369658782384982,203.8384882600605,4.140303755313723,normal,0,0,0.0,,-1,
2024-01-01 16:00:00,T09,8.985102051964331,12.16800826076718,1179.7898724587792,446.00503657100546,32.52211712360982,,20.688274040862023,17.027803598025216,5.870684185871532,3.7759710951751155,1.0278151456493967,8.009596281561091,202.78825737733123,4.84688985680133,normal,0,0,0.0,,-1,
2024-01-01 17:00:00,T09,8.121605810976341,11.770353326660452,1145.8196995370427,334.9520836860791,33.75079806834764,27.599791995372037,20.912346383103284,17.226076546247754,5.800348589501525,3.853989240437099,2.6029844408164804,7.518699329679299,200.8391092050412,5.644660915397003,normal,0,0,0.0,,-1,
2024-01-01 18:00:00,T09,7.823793832780407,11.355120590401402,1096.8675382600481,236.67027956051152,34.51091446313439,28.38005612505092,21.33750704106753,17.431767898707395,5.888426247611816,3.665430379450747,4.2090760181903155,9.039034117121782,197.34384534018184,6.539633615597287,normal,0,0,0.0,,-1,
2024-01-01 19:00:00,T09,8.159388448053598,11.832763234768024,1145.7506839515097,289.7261706048188,34.26615160779821,28.752719700732012,22.0620877869829,17.370442800576356,5.787251956615153,3.4179166956441973,4.306795103677641,9.635923878720368,197.73476427337215,7.3582910497818395,normal,0,0,0.0,,-1,
2024-01-01 20:00:00,T09,9.14609521676316,12.43590493926818,1206.3718026366757,501.53148726972364,35.40774778158604,29.48666067146275,22.117607621305194,18.26661823437564,5.966543958686684,4.012582547051581,4.6675630004555115,10.423719037759204,204.8931379708863,8.168630856635394,normal,0,0,0.0,,-1,
2024-01-01 21:00:00,T09,7.866663152366952,11.291348109648608,1102.8059907113893,243.76818348467026,35.86324062438393,999.0,22.442417146883592,18.259956546906746,5.875990377643916,3.2955061052969232,4.746345999922815,11.288512964346634,198.175552879202,8.698755415504149,normal,0,0,0.0,,-1,
2024-01-01 22:00:00,T09,8.695514556815517,12.019688715010975,1163.3730206672315,389.75637332293593,36.48442437994909,29.868260643923705,22.786566215319684,18.169165322728425,5.863643957236693,3.33148839683827,4.6196203986054964,10.630396127866305,200.15906580540445,9.128780343768831,normal,0,0,0.0,,-1,
2024-01-01 23:00:00,T09,8.519468235007492,11.834598292819793,1142.73547738763,348.8393612995219,37.22111490435865,30.24040889457294,22.630951583696646,18.46986040101446,5.7692296621068895,3.8572949628383375,2.6456071978547415,10.920590330283556,201.98746521185393,9.070218402432673,normal,0,0,0.0,,-1,
2024-01-02 00:00:00,T09,9.811949425596497,13.145210228859613,1270.017204101624,701.023242920314,38.81189757975906,31.070531019178024,23.998908466618424,19.0520106312698,5.859493882351085,3.608780620798536,1.756726069894411,11.089178377928459,201.8077400756488,8.97385790092169,normal,0,0,0.0,,-1,
2024-01-02 01:00:00,T09,9.883354583114874,12.719456541022536,1231.399079374797,700.4783632565784,39.83133356783747,31.8023833646149,24.292050887006578,19.134442837780867,5.989975237066085,3.6979753547091545,1.0384677956768988,12.448034356338994,198.85260397082672,8.822035797275428,normal,0,0,0.0,,-1,
2024-01-02 02:00:00,T09,9.238597005414844,12.376446128091041,1198.1910610911982,527.9382828547253,39.72674135642415,31.632408879164274,23.917036476450118,18.921809754386345,5.8654001179850495,4.179786902299744,0.29056066945179043,11.359720473904563,202.42607409142894,8.397081715953977,normal,0,0,0.0,,-1,
2024-01-02 03:00:00,T09,8.263764580667884,11.575372526530403,1126.5184311721114,275.85376844416317,39.11696012592151,30.961464638063056,23.97912098821804,18.821003925363247,5.840422343447163,3.601466429601974,-0.4502226277836751,10.037233466301407,204.64720455094005,7.667105957526624,normal,0,0,0.0,,-1,
2024-01-02 04:00:00,T09,8.849063045136797,12.342014199848744,1197.6960280117974,443.2523473061563,38.390748755096375,31.619884161700263,24.037313419024144,18.761439225777966,5.916120907790877,3.733448448008387,-1.0121322088323073,,210.30233017735492,7.034657362313416,normal,0,0,0.0,,-1,
2024-01-02 05:00:00,T09,8.633369160942182,12.188266057560481,1184.3034752252067,395.2522110797484,37.610943000575936,30.409781349771663,22.742561269228936,19.151780663995336,5.930104273063985,3.868384537524555,-2.153458780788573,10.026143515816095,204.82021840728262,6.396702723956155,normal,0,0,0.0,,-1,
2024-01-01 00:00:00,T10,7.648758915063127,11.42336217746896,1108.6657538467114,233.28546897712664,27.50888066970987,22.658372582539556,17.89332583512224,16.873971124045227,4.8557230046281985,3.156269759477431,0.704479285653788,7.269188192457531,192.59399776737735,6.66184526455293,normal,0,0,0.0,,-1,
2024-01-01 01:00:00,T10,7.5094894329387385,11.299879077002384,1098.165001376117,198.30809937898292,27.924939419327504,22.018012207977065,18.069390560217737,16.210717197257164,4.759480642381657,3.5114502054165477,0.23920572474427992,8.333874549041756,194.93349590671252,6.524878159900739,normal,0,0,0.0,,-1,
2024-01-01 02:00:00,T10,8.9322299242759,12.248821886817527,1183.956402302894,476.0457785159019,29.239893493202086,22.624781736157104,18.17647989465506,16.67983511609673,4.858442653026518,3.8228942788366647,-0.039957695214304735,8.374302834335959,,6.504461796993069,normal,0,0,0.0,,-1,
2024-01-01 03:00:00,T10,8.559647057166542,11.727054815888247,1130.39092526461,370.2499001685818,28.50805954186376,22.551278728931514,17.606562936605993,16.921294630114176,4.720450913603353,3.4904709033139505,-0.3981298707874986,7.2181163311935395,194.26144232112185,6.357186811800444,normal,0,0,0.0,,-1,
2024-01-01 04:00:00,T10,8.210900214398864,11.730301496756685,1133.1928513696828,310.03234851312845,28.008947712250453,23.43710576546495,17.977988561238085,16.879082953374752,4.787439598576782,3.039046888179,-0.0967663696131621,7.555973828392424,193.04453767058166,6.265736652142153,normal,0,0,0.0,,-1,
2024-01-01 05:00:00,T10,8.092018280594294,11.650644652914679,1122.8460566967487,290.310273580193,28.43855305994909,22.484096298468177,18.35715291753727,16.360012319597796,4.698294975610749,3.4608945058145424,-1.8799402639966862,7.020239201995653,193.59346005986444,5.865141320088114,normal,0,0,0.0,,-1,
2024-01-01 06:00:00,T10,8.826681694820639,11.996901875041477,1163.6898438071585,407.36128812463795,28.96940321607049,22.424426952320612,17.720980440907724,16.352842268042256,4.761567074162851,3.374770648499084,-2.916808713448628,7.067794098720927,192.2398187712107,5.351451765411482,normal,0,0,0.0,,-1,
2024-01-01 07:00:00,T10,8.441543156914966,11.854156170592399,1151.104215444562,344.63213614527666,29.004358906035687,22.688889264495426,17.568541626560773,15.990201207100094,4.7507301086124825,3.766691330493549,-2.9776392585688507,5.808911348783693,194.0792546192575,4.78280484275936,normal,0,0,0.0,,-1,
2024-01-01 08:00:00,T10,8.289063933896513,11.85149350267036,1144.2579439843248,306.4918437035852,27.84428330485576,22.310770668244693,17.46445906070699,16.110257658953326,4.7851460137318105,3.584420414938773,-4.0785924006355145,5.532530215082384,191.48659804869553,4.143136968573533,normal,0,0,0.0,,-1,
2024-01-01 09:00:00,T10,8.078912404796823,11.770488195659249,1140.527400683498,273.3652053739766,27.378941991005217,21.409556715850545,16.640576391829953,15.601936587803896,4.811599828943414,3.5332893840029955,-3.017103825332257,5.064277221373919,193.3638707693449,3.7722101716131418,normal,0,0,0.0,,-1,
2024-01-01 10:00:00,T10,7.639577652874383,11.443772393481462,1107.8190604435674,182.2286198733024,27.081996127825448,21.70378937376841,16.97632284517386,15.671119184312337,4.819035243393812,3.373738547257943,-2.681091253594066,5.4286657129477955,193.67743271392732,3.6326834744413556,normal,0,0,0.0,,-1,
2024-01-01 11:00:00,T10,7.960256826688196,11.602398529969461,1124.1194317456832,243.09931300968532,27.123505840166377,21.105989407875715,16.332662494535757,15.378678907348,4.768789330843497,3.1428861901789684,-1.7470918099683208,4.835409429414342,190.42084810666435,3.7142364101227847,normal,0,0,0.0,,-1,
2024-01-01 12:00:00,T10,7.476517382939418,10.956961237086066,1063.439949758052,200.18145033462437,26.17241030278006,21.133897393860078,16.435373973768,15.23532977855094,4.827687257789286,3.3795344872352695,-1.7430782166588543,5.083039269845825,192.22080787737497,3.7377690946833746,normal,0,0,0.0,,-1,
2024-01-01 13:00:00,T10,7.608918328059043,11.226759849217418,1092.235131764515,225.23446740057994,26.109695732862118,20.880650967170148,16.375666696159005,15.021035711492774,4.875113335409747,3.5090799219008115,-2.3236173873069967,5.351224083538176,193.11332549140997,3.7155012962710323,normal,0,0,0.0,,-1,
2024-01-01 14:00:00,T10,8.369933764395462,11.866493778523385,1156.059427621714,309.2648278833083,26.505836112231783,20.630615865501927,16.437227507091617,14.403182756945288,4.729125614828145,3.211889860023539,-1.282133489294842,4.27821003688073,192.4556658069564,3.8634927947703255,normal,0,0,0.0,,-1,
2024-01-01 15:00:00,T10,9.43476793038112,12.367631907893033,1210.5783569056082,595.015415484694,28.15797455315114,21.605542269463385,17.129631896334377,15.637687936419047,4.834137165026856,3.374447118287066,-0.47298564914497704,5.340879988236641,190.28168749134144,4.402039425968192,normal,0,0,0.0,,-1,
2024-01-01 16:00:00,T10,9.478151971046811,12.899973412180193,1247.1505765496406,623.7134403357278,29.90453280782367,22.52272148738609,17.64623914985686,15.85854685435129,4.879974300570898,3.316804766103926,1.1744472435441167,6.542215745785437,190.57936019018894,5.168331226396533,normal,0,0,0.0,,-1,
2024-01-01 17:00:00,T10,9.191622149347669,12.655862448550439,1226.0355020325642,528.3252483621173,30.53723411629817,23.512875015364244,18.128886204203265,16.64918159766145,4.796624569912951,3.500200029598977,2.2390502404358847,7.586165114701743,192.1823438700428,6.023011472367446,normal,0,0,0.0,,-1,
2024-01-01 18:00:00,T10,9.457293933770305,12.729421627233647,,572.9294962942962,31.861858730953553,24.182130060844212,18.81986268202057,16.901508440100763,4.916870389172527,3.6695786361918703,4.0523724239134085,8.264779555355563,188.87714670338764,7.056678133078531,normal,0,0,0.0,,-1,
2024-01-01 19:00:00,T10,9.092807293127256,12.274918776208848,1183.790780878156,483.3300420182897,32.66904942755926,24.99333213011607,19.43675131306993,17.569192720158256,4.850913196851378,3.1075538686447213,4.299638699708822,9.141851762374149,196.31437115370989,7.8893643285501005,normal,0,0,0.0,,-1,
2024-01-01 20:00:00,T10,9.847669110732182,13.187803937858376,1273.7120609398476,705.9668847912014,34.51054591143859,26.094190806432362,20.4984131384414,18.474815265024205,4.901435290944886,3.3152898161143454,4.61250165681245,10.530035467353082,191.64542338991544,8.717795376438813,normal,0,0,0.0,,-1,
2024-01-01 21:00:00,T10,9.8469355156132,13.06216098974192,1272.8633766005591,684.2190602047184,36.553159117172434,26.763180749583714,20.80091908066001,18.423837360510372,4.861673692964755,3.6510294211258345,4.981731573041341,10.575170306037187,193.26500664925987,9.417801319586047,normal,0,0,0.0,,-1,
2024-01-01 22:00:00,T10,9.587650595954738,12.974088948952751,1267.3602640763406,657.4884414730868,37.56978266494491,28.304078416227526,21.485493675290325,18.954529935133806,4.9456850537106005,3.9160878774067687,4.209034337638437,10.654211144781737,187.89474694988127,9.866339313931812,normal,0,0,0.0,,-1,
2024-01-01 23:00:00,T10,9.48726654097447,12.700691258640393,1227.3116261224338,615.6420656964693,38.14861251662428,27.76265745633936,21.91299077087936,19.84108698181455,4.836871782008617,3.7238551337747214,3.211981846198965,11.227516467932467,191.7208180160872,9.821604184061783,normal,0,0,0.0,,-1,
2024-01-02 00:00:00,T10,10.08427870790021,13.217051830867323,1280.288181534163,786.9452682090151,37.9535389903337,29.172176969582047,,19.863303611112794,4.93235170239545,3.6680637309286994,1.2982509659108852,11.639964537678342,189.9272950608062,9.616647347282939,normal,0,0,0.0,,-1,
2024-01-02 01:00:00,T10,9.61768794070444,13.044504901239584,1269.6588434028745,632.6957373461172,39.11279863849856,29.392610357038663,22.80302815089712,20.52128091869626,4.922075482369833,3.4533453194452814,1.0994207283815065,11.121499620446448,191.71940080882862,9.278675032336297,normal,0,0,0.0,,-1,
2024-01-02 02:00:00,T10,9.900497620609247,12.97555973187282,1259.605212386259,714.7254637421958,39.21649149857071,28.913140594360065,22.78561214254516,20.216441966125277,4.921860320693957,3.729477682165301,0.31831066485820425,11.03550578388847,193.65563328308772,8.876539858687186,normal,0,0,0.0,,-1,
2024-01-02 03:00:00,T10,8.999992957732703,12.283710954327228,1186.272414987802,453.39979205239797,37.86657268694703,29.486745394401098,22.23421851302886,20.06405678836712,4.749457539388536,3.7295658838283705,-0.5608809969183528,9.203685725834173,188.8947484664379,8.158263684439962,normal,0,0,0.0,,-1,
2024-01-02 04:00:00,T10,9.843545102153115,13.064264178367347,1274.223424887003,718.7458279823937,38.199402913023704,29.375035346947495,22.832117456613187,20.19901918985241,4.9348555889950765,3.853878177918338,-1.4948555885847812,9.797070960343042,190.03343654145056,7.5995860865521365,normal,0,0,0.0,,-1,
2024-01-02 05:00:00,T10,8.557748205439484,12.093488245244957,1178.1428418963217,367.6796521670756,36.240038160343474,28.470066615076966,22.012040227003435,20.02403284338885,4.832292582597489,3.6157305640285915,-1.7598735359477509,9.666788147345775,192.44660840692046,6.819149239979994,normal,0,0,0.0,,-1,
2024-01-01 00:00:00,T11,9.474463107476213,12.664311235746386,1229.6074685958472,630.3923016602027,38.66062309481724,30.247971515480042,23.416207028066342,22.403404722173136,4.978536536179057,3.5979490130720624,1.03577310528487,9.124157055158477,180.26863176254565,7.853165762602159,normal,0,0,0.0,,-1,
2024-01-01 01:00:00,T11,8.04073440982056,11.751248669911023,1148.2420035080181,301.88367210906154,37.76852048164516,29.1226421834949,23.469473636182606,22.177903251309274,4.849034548362565,3.2081409888832435,0.6090384925181436,9.51236654784755,181.5502394257073,7.52246802638099,normal,0,0,0.0,,-1,
2024-01-01 02:00:00,T11,11.736630396292842,14.675282637899784,1422.9040671649973,1517.285462418745,41.527022324229165,31.16972446485586,24.622102311112357,22.598768515156948,5.270113691971172,3.955911809547701,-0.18049727534235915,9.21292620525681,174.80556769004045,7.96980008422354,normal,0,0,0.0,,-1,
2024-01-01 03:00:00,T11,9.001127033508848,12.538278701507377,1218.85359255927,493.1062397778419,39.7303866842173,30.44136715412319,24.022201644024882,23.146182163698548,4.926603474709995,3.1095684446275875,-0.4729811692554754,8.414616662001619,178.0371332094006,7.581235859982323,normal,0,0,0.0,,-1,
2024-01-01 04:00:00,T11,8.574768281033032,12.313779021850074,1197.7056811817836,370.6453795803557,38.573034870937406,30.635663456251454,23.519906633354733,22.48461355118253,5.049907634904992,2.9803608409001785,-0.18629922976418614,9.257109991865452,177.61629639127048,7.260499510228389,normal,0,0,0.0,,-1,
2024-01-01 05:00:00,T11,7.729872535044384,11.514234159880745,1112.3655749274646,251.6382513343497,36.265070520893765,28.766679695955197,23.081457595313363,21.997793013105227,4.90047424644894,3.0188771016739517,-1.6154580175224136,7.918013337418936,182.5312770572177,6.615532814713121,normal,0,0,0.0,,-1,
2024-01-01 06:00:00,T11,7.914985341550076,11.7346068926312,1136.4668551854315,280.802496507395,35.225885900484776,27.41562320146634,21.950392530954353,21.323478416356508,4.818712409628099,2.865645001415846,-2.759541002667704,7.46007414467099,176.79657018896316,5.853228328751607,normal,0,0,0.0,,-1,
2024-01-01 07:00:00,T11,8.043520666297155,11.629404205483038,1125.3008370234202,305.80000805210625,33.89264762679121,26.55923716774823,21.568167277556586,20.45269458106532,4.929444996767902,3.2261197780023014,-3.336802635422428,6.791932333107236,179.29025837781631,5.148561357623165,normal,0,0,0.0,,-1,
2024-01-01 08:00:00,T11,6.352393526493424,10.197742226183,993.3429273780938,83.99686675391465,31.900467869583558,25.295915877356112,21.040384463538135,19.635732181305016,4.758894133044615,2.6424589909660927,-3.975912365590258,5.810867979466025,180.3244655088327,4.281580365380518,normal,0,0,0.0,,-1,
2024-01-01 09:00:00,T11,8.057993570147266,11.607330075781245,1126.5823378687871,288.8230204085223,30.732566120916662,24.719267002087587,20.372150687835852,19.810422279662713,4.843933592334307,3.170906653940653,-3.428696789498586,6.048409048980622,178.61829283879493,3.8903981790453903,normal,0,0,0.0,,-1,
2024-01-01 10:00:00,T11,7.929511867600816,11.598733674895128,1122.75587447334,262.5611828076436,29.223200087244944,24.1370160024185,19.633958244532835,18.905054861202206,4.967783966824601,3.0397954398922917,-2.638336373712225,4.658080568658301,170.9600281275026,3.777889611775175,normal,0,0,0.0,,-1,
2024-01-01 11:00:00,T11,8.588587300718949,11.811037289556284,1155.5580793790405,411.16059454464454,29.77009060675729,24.944319297938026,19.635660050414398,19.0682342873085,4.899153019412389,3.229900258984824,-1.8091293876762373,5.735165334795924,176.63189708265668,3.938417643056237,normal,0,0,0.0,,-1,
2024-01-01 12:00:00,T11,9.090001915015574,12.357315638880689,1200.534581391517,506.61600901266706,29.766365530138984,24.281091197953504,19.34006866021831,18.995944152177778,4.974188044761229,3.171627536956823,-1.8048322714647194,5.478203942488128,182.01622628121768,4.114877265098976,normal,0,0,0.0,,-1,
2024-01-01 13:00:00,T11,9.381035279653322,12.58079659552615,1222.7114381783692,559.0298472372651,30.13692793288839,24.43319001598975,19.420575555923023,18.56565342085493,4.934457065095923,3.0312312485651547,-1.9887618376296285,6.06505386210415,178.4961125333346,4.229950619887413,normal,0,0,0.0,,-1,
2024-01-01 14:00:00,T11,9.420901280736826,12.872392708813734,1246.1061195338757,603.4196433029994,31.1568197384355,24.500112203212495,19.344375484195286,19.071462906400033,4.9327989033795365,3.447700366977764,-1.8081591509346047,6.023943078814676,179.09367853754495,4.4589054453680985,normal,0,0,0.0,,-1,
2024-01-01 15:00:00,T11,9.145871197929946,12.337781445862435,1189.072436979252,517.4776528846653,31.407700882147537,24.76961586611676,20.015428913984795,18.911608741166514,4.924040968632399,3.1188551582855455,-0.2863766972742332,7.305182337076585,180.29734574087695,4.815286370118436,normal,0,0,0.0,,-1,
2024-01-01 16:00:00,T11,9.78713262846185,12.627192899591574,1221.5931560843198,724.7922884757064,32.72546550916885,25.747355587227435,20.77412876429005,18.97935013576921,4.957048487800209,3.25095355788416,,7.175766831775907,179.38666038629674,5.5573758826061095,normal,0,0,0.0,,-1,
2024-01-01 17:00:00,T11,10.344216288287624,13.462927728585552,1312.877817427707,902.0522590169699,35.0364161309627,26.513893607923112,20.943516472813297,19.939980918975298,5.071163388444612,3.5868822014827915,2.3328037246162467,6.88195120482645,176.095710815844,6.573126131243119,normal,0,0,0.0,,-1,
2024-01-01 18:00:00,T11,10.509988274015381,13.572668453977915,1320.3815251839344,926.8217725063827,36.94994856441011,27.455314607839707,21.83250605474288,20.213383521261072,5.090433992556015,3.456813261786448,3.9857381069220263,8.40380020436863,175.3872636292715,7.719336469301533,normal,0,0,0.0,,-1,
2024-01-01 19:00:00,T11,9.025281722808227,12.392426745505007,1204.0614671614208,489.3802905639618,37.15114879346776,28.45644577080338,22.376403367664665,21.081578587924273,4.932357894115348,3.4914716982057654,4.397778656320023,9.706651956627587,181.0573223330107,8.410230994844186,normal,0,0,0.0,,-1,
2024-01-01 20:00:00,T11,9.32444167974839,12.541337048209503,1211.941517610887,573.0751530961616,37.78187390063736,28.81136797344954,22.624254805177053,20.85139851469015,4.993325603958532,3.243887295737689,4.607407486263267,,181.48076361048817,9.036362833229473,normal,0,0,0.0,,-1,
2024-01-01 21:00:00,T11,10.680427967509887,13.311239861641758,1283.4919799581626,1021.4628425453725,39.561820378423214,29.87446876881954,23.963820084725434,21.915653151950135,5.075746067018392,3.823746512769184,4.627172342534456,11.143627064513076,177.67828346776042,9.888864832227593,normal,0,0,0.0,,-1,
2024-01-01 22:00:00,T11,10.37910892101576,13.355201285097307,1308.7654290057187,889.2290347955726,41.666524419455676,30.294894295740274,24.24281430393547,,5.018533254052497,3.2008383806975806,4.4813457067011875,11.938270274589025,177.16172221232466,10.386717645385058,normal,0,0,0.0,,-1,
2024-01-01 23:00:00,T11,11.723933519445959,14.11646436676424,1379.0146566840097,1465.5496685108467,44.22014479915541,32.784921761810836,25.541266094284133,23.49828878095661,5.099943031217938,3.7359279075306557,3.0329955965401103,12.669254578674492,177.72347228511822,10.788438300452805,normal,0,0,0.0,,-1,
2024-01-02 00:00:00,T11,10.72863207152649,13.61538786074533,1330.6569172824395,1024.1096823625269,45.50957128803587,33.70634039257779,25.742654567082205,23.88226004838429,5.131856804195354,3.3613294610275366,1.761469366847197,12.416692644237724,171.86559801266978,10.527306471409254,normal,0,0,0.0,,-1,
2024-01-02 01:00:00,T11,11.833062828986057,14.495885778996247,1402.7583929546897,1537.6111470910635,48.338081201586974,35.30617803076952,26.86652042120847,24.787140701046003,5.210722687133742,3.4271473857278716,1.4050202012128008,12.758518693781932,173.11060571580126,10.586233319586487,normal,0,0,0.0,,-1,
2024-01-02 02:00:00,T11,11.051466934424722,13.892990941980853,1349.5335726509381,1168.1511967974009,48.94459277039922,36.00390313191434,27.313236628769562,25.037613782704597,5.150392431876316,3.619512215080119,-0.3009075529775058,12.258678547410774,179.5195123899432,10.19569630655877,normal,0,0,0.0,,-1,
2024-01-02 03:00:00,T11,11.007695933877395,13.872317219392198,1345.952622207517,1139.1750716484246,49.264609729671626,35.91074073435334,27.403793793164258,25.075294625679327,5.107426297383784,3.4463061725714823,-0.7882073843338271,12.194211757146007,175.50077427224412,9.639817398313175,normal,0,0,0.0,,-1,
2024-01-02 04:00:00,T11,9.918818068050014,13.045563075714941,1266.0137226589284,759.0385860039731,48.02683183447053,35.6806855244842,27.271008637218493,24.93577240168464,5.1873707305067605,3.343703297307172,-1.440575083336216,11.122872472819939,178.3906508321593,8.781791203667485,normal,0,0,0.0,,-1,
2024-01-02 05:00:00,T11,8.037304347565488,11.477398165884372,1118.1436419504148,291.28295037772494,44.58016522298291,34.261380671997046,26.153790713787757,24.07116960412895,4.914723246531899,3.1907909063149535,-1.6777404772969833,10.585001638138495,184.02591481117867,7.6908474081489935,normal,0,0,0.0,,-1,
2024-01-01 00:00:00,T12,10.500363798622642,13.31410412936202,1284.5074228955702,990.058677509114,51.21402261282361,39.61942867602096,31.638107653966134,27.820138569864266,5.021425995301455,3.2578816471126624,1.1110209479030166,12.94030764331893,198.17505431141925,8.932164890148893,normal,0,0,0.0,,-1,
2024-01-01 01:00:00,T12,8.73413695520115,12.215435358546538,1182.8779726618034,440.9322613383465,49.468274046802506,38.61399788231403,30.141573129966687,27.019021948638592,4.988421026963436,3.2423692911275785,0.6856945250135535,11.279099221621463,197.15741761130155,8.455859414758772,normal,0,0,0.0,,-1,
2024-01-01 02:00:00,T12,10.936721327839896,13.658662675445859,1326.689527000894,1195.2627853805216,49.27377304189432,39.47748267477819,30.638168194803757,27.237552752466655,-3.0,3.3687294216270547,0.051332158336078584,10.688007421757359,194.75368960216548,8.485310400312983,normal,0,0,0.0,,-1,
2024-01-01 03:00:00,T12,10.07244363250587,13.140706953276112,1273.2021422731916,817.4709147652129,49.661116094625115,38.94652781370146,30.521919805204508,26.78623125928387,5.0520938452220845,3.356582184891039,-0.06947888945073136,11.766142320455055,198.7115373985272,8.197414592023753,normal,0,0,0.0,,-1,
2024-01-01 04:00:00,T12,10.683051916791387,13.54997032998327,1304.9296739574572,1046.1264542008935,49.489305269005165,38.97145526785315,30.719605061408224,26.723172077433457,5.046657112856679,3.8772622659240077,-0.19633798673856567,11.66773450730592,202.24517326153043,8.186936430470258,normal,0,0,0.0,,-1,
2024-01-01 05:00:00,T12,9.423909995863367,12.35731367460777,1183.669569246192,604.6056672839798,47.771309083727104,38.01632230977352,29.538200681163147,27.12090432449774,4.941287112397342,,-1.1375682817224342,10.959836945987112,202.32620968330502,7.571112107028535,normal,0,0,0.0,,-1,
2024-01-01 06:00:00,T12,9.74324232314537,12.958001955908134,1258.904488240266,702.8561668372434,46.641447279758445,37.287742222613566,28.68490451707587,26.028706713783443,5.098525522601047,3.568644296366783,-2.8880733169167687,,196.66626229626465,6.87713559917533,normal,0,0,0.0,,-1,
2024-01-01 07:00:00,T12,10.00403670040508,13.232966357478537,1282.1487503810367,787.1567596735313,45.7789261225462,37.320300331620004,28.99651938407906,25.924938526406144,5.090404899856015,3.484352782484394,-3.445781009246966,9.570261077826789,199.57496609500046,6.264904484623809,normal,0,0,0.0,,-1,
2024-01-01 08:00:00,T12,10.671741500005348,13.72163397413698,1329.935150599452,1058.1561366574858,45.274534602329084,36.98827034043525,28.31264734916891,25.89788261793938,5.050018873633753,3.7326294795086126,-4.106704252393181,8.314039782878913,200.47299393510227,5.7952731225773775,normal,0,0,0.0,,-1,
2024-01-01 09:00:00,T12,9.066381187015953,12.321404140251461,1199.0179903675794,515.2954743482687,44.7373045957488,35.2996281254151,27.70313504574855,25.05155344283759,4.98801622167751,2.8553040349856125,-3.1321503946760836,9.07583397785748,200.60592211594675,5.220550349259174,normal,0,0,0.0,,-1,
2024-01-01 10:00:00,T12,9.320252276484185,12.491164078034796,1207.9225287603933,564.7654037175299,43.615930352522,34.82781007126351,27.15567085946335,24.462250778945684,4.856885371579471,3.375484890623479,-2.164241333600918,7.503712556129708,203.44405763081582,5.014863090342451,normal,0,0,0.0,,-1,
2024-01-01 11:00:00,T12,9.230460500505936,12.34880665309227,1192.070641812271,561.8648999298955,41.706310466446055,34.4880616735353,26.421518170709156,24.26575420657407,4.9348676682642365,3.436965177736949,-1.962699427371875,8.087101439520536,197.03135555635845,5.002721797892978,normal,0,0,0.0,,-1,
2024-01-01 12:00:00,T12,8.836602921922672,12.058955292112724,1166.968911414611,452.10552467000923,41.2610733867442,33.19980188394878,25.823795246370832,23.10416349650165,5.042901770032528,3.22497392602651,-2.359868529608442,7.062834811424384,198.41849683828073,4.9090575862054795,normal,0,0,0.0,,-1,
2024-01-01 13:00:00,T12,7.802044928333594,11.67393607122529,1133.369265778174,263.8363688981854,38.85161071515073,31.829610967845838,24.776410250243323,22.680547144012827,4.8660793113716405,3.071169322327377,-2.0498798480355784,6.876449957472834,202.44587800605814,4.6545835746466935,normal,0,0,0.0,,-1,
2024-01-01 14:00:00,T12,11.243085608345412,13.93645808847318,1348.3908528753857,1284.7433163227417,41.60080971748638,33.35122528849081,25.307796786235734,23.329550766450108,5.145921466896914,3.919706805038226,-1.5037759060249483,7.293225343622545,192.08674522724002,5.239792774273367,normal,0,0,0.0,,-1,
2024-01-01 15:00:00,T12,9.96449912304178,13.248577488854753,1292.441534933018,802.018787008512,42.244122019598656,33.83421161965635,26.012034248364227,23.48708959509315,5.122588210864909,3.554996986333301,-0.30650537025718044,7.534972734217198,198.42947940112182,5.612175635186284,normal,0,0,0.0,,-1,
2024-01-01 16:00:00,T12,10.402941292113722,13.489104811113275,1311.9074687000614,950.8065466396254,43.528097490308674,34.267718208492234,26.280460476632772,23.793518979328745,5.035834688560312,3.561614826009628,0.8673386845383949,8.70798881522025,199.6631478768715,6.328118919747217,normal,0,0,0.0,,-1,
2024-01-01 17:00:00,T12,9.003105029677345,12.212039279920333,1184.456421165592,500.1164595377869,42.81400533985006,33.05473133677115,26.229091228275095,23.642283744199,5.093697767170493,3.1447494565196883,2.45744328252713,8.774920041265926,199.3856179950089,6.9090280725569215,normal,0,0,0.0,,-1,
2024-01-01 18:00:00,T12,8.430448443558056,11.935150779737317,1162.044168020448,352.08851497243796,41.51122316221528,32.9521853072907,25.685205001698247,23.56573309773985,4.983101881680307,3.3570566984452674,3.9082266690723846,10.30489692772922,201.59639815339287,7.6020160335538955,normal,0,0,0.0,,-1,
2024-01-01 19:00:00,T12,9.407844340528408,12.363460985240986,1199.2301120615548,610.4336865773706,41.439196680527225,33.82026775613209,26.113638452947388,23.52402991005745,5.004476028595231,3.4692206126112746,4.305804174222259,9.864858617162085,200.49495845675224,8.398616296329878,normal,0,0,0.0,,-1,
2024-01-01 20:00:00,T12,10.735194466820666,13.688141430229614,1340.6922076495957,1050.2089018922557,43.80057144597729,34.508526402443884,27.233563236914993,24.327486102392818,4.997583602320724,3.6522438815194413,4.572259523052202,10.870725147944295,195.068216142623,9.342211642593735,normal,0,0,0.0,,-1,
2024-01-01 21:00:00,T12,9.940272651085234,12.992439273713599,1261.9632312404956,757.511582710134,44.193272520920864,34.96578049013093,27.12925107661531,24.277640252895015,5.077601314832914,3.432024396572218,5.074959715821108,11.951702726039404,198.49507339235686,9.95321907204046,normal,0,0,0.0,,-1,
2024-01-01 22:00:00,T12,10.62153444998056,13.50935867190319,1313.2401967925525,1022.7817251870285,46.944787647224764,35.98590933252907,27.676188307014094,25.087286029712494,5.07367380009061,3.948333629061234,4.473785926057376,12.449176334888351,199.82552123138956,10.525058728097456,normal,0,0,0.0,,-1,
2024-01-01 23:00:00,T12,11.641746580303908,14.531079386104327,1411.6591827464906,1487.2655864038406,48.461550545085686,37.454583700503626,28.912898542584504,25.281046149243068,5.205342126263394,3.9658849548163264,2.829415020818466,13.463049205117962,191.64477353190009,10.91067685077785,normal,0,0,0.0,,-1,
2024-01-02 00:00:00,T12,10.735316175338292,13.950122858581148,1349.0628447173096,1065.088999822014,50.15106327547758,38.496377541407185,29.895242195596353,25.644690788550953,4.990994121280182,3.5831002300153867,1.7099616945632987,13.41075400891003,196.15468244948744,10.649698890186052,normal,0,0,0.0,,-1,
2024-01-02 01:00:00,T12,11.33199107606826,14.134557948228753,1372.7473806121116,1336.8255092585766,50.62236293780214,39.097698045425894,30.278878356348546,26.284439856061226,5.224240802858758,3.945774461757464,,,195.2440615987148,10.549180885262949,normal,0,0,0.0,,-1,
2024-01-02 02:00:00,T12,12.133817993656706,14.556625787035365,1402.8279395485888,1770.2867857219592,54.77570936903589,41.43432172432633,31.2860474501055,27.449187446359836,5.136883604370745,3.6896536962203226,0.2077959855550474,13.697577388378482,195.42011866277056,10.56420489647662,normal,0,0,0.0,,-1,
2024-01-02 03:00:00,T12,11.498923990988011,14.183438001760766,1376.7301985142653,1437.9604950154117,55.83890089913783,41.842207192564544,31.200416415676095,28.074384398449027,5.178358778162259,4.037168129342878,-0.9122578296812907,15.088350931213206,200.1471827139943,10.124452477871309,normal,0,0,0.0,,-1,
2024-01-02 04:00:00,T12,11.844651472946941,14.328739497883054,1400.4129113017177,1611.767873555441,56.92579349499252,42.89123964870973,32.113858318438176,28.247435499685444,5.053750109707921,4.150124604407888,-1.5405001074004714,14.289415432190484,196.39662541091627,9.722607895506798,normal,0,0,0.0,,-1,
2024-01-02 05:00:00,T12,11.16258118721204,13.907109926755197,1347.4088814810154,1270.1250702930342,57.17081294173532,42.519636959106165,31.99565073421385,28.612010734772067,5.160931418514586,3.561463008294953,-2.2568912239334833,14.062586586273051,191.57884426460805,9.070720226927762,normal,0,0,0.0,,-1,
2024-01-01 00:00:00,T13,8.009840909989434,11.232783838644112,1090.633648066772,287.02316698692846,29.277252936083975,23.404193545480823,18.520340969926355,17.432382992995723,5.398282291453012,2.5707156592771705,0.8224782391692973,8.281122537258879,186.71044859277188,6.823058358582336,normal,0,0,0.0,,-1,
2024-01-01 01:00:00,T13,7.5219587727352115,11.191474600948546,1093.832329485687,195.37694709363055,28.81345591815686,23.618012953732247,18.822062788561485,17.233166877790456,5.378707942205285,2.584177468994628,0.26604526756617386,8.50631910417139,188.94301899142124,6.648689812735343,normal,0,0,0.0,,-1,
2024-01-01 02:00:00,T13,10.007976036813272,13.165660338256467,1280.4424835388775,774.6579560767133,30.6863815602445,24.259482089912783,18.87574222111944,17.381654531415254,5.449688480648035,3.280433997296172,-0.04550447893565028,8.244332731832264,187.2486874076485,6.798118923394195,normal,0,0,0.0,,-1,
2024-01-01 03:00:00,T13,8.026061206900795,11.630695735030008,1130.0060885148687,288.0579427306215,30.420627746649803,,18.83674709263764,17.623254492660514,5.430752139729387,2.7649895992914724,-0.2915453754821665,7.681286036294478,182.9619220264448,6.531992678484269,normal,0,0,0.0,,-1,
2024-01-01 04:00:00,T13,9.082966724107726,12.545585727962566,1218.7760004195538,487.11135189466336,31.340460824250172,24.110465281261902,,17.344243555713422,5.494069227413223,3.27769363705908,-0.11971838757538228,9.240791685776994,187.7523890432878,6.51895737038735,normal,0,0,0.0,,-1,
2024-01-01 05:00:00,T13,11.185336734391564,13.954180791532949,1353.2443217911002,1189.8647761225466,34.917919414091465,25.474897876534808,20.259371013157878,18.520031396523212,5.598139021456852,3.4668534736643064,-1.5354732718987754,8.377743489518991,185.30286526459537,6.656359451997321,normal,0,0,0.0,,-1,
2024-01-01 06:00:00,T13,9.273062104400005,12.724642081882868,1235.9865100611225,525.3163442110985,33.720812106845116,25.775641438480665,20.022963485416096,18.657878072337024,5.402994908369109,3.604536409421529,-2.789623552622615,6.779690435913893,185.43963721839106,6.0464522453177265,normal,0,0,0.0,,-1,
2024-01-01 07:00:00,T13,9.196954294295148,12.447806552861108,1213.0594468045158,523.7045584704359,34.29127754545833,26.074206808522597,20.318551382246035,18.195925739958668,5.420468797664876,3.236649440773387,-3.1188132869625194,7.305382310690472,188.5831775836735,5.4430930158208355,normal,0,0,0.0,,-1,
2024-01-01 08:00:00,T13,9.079731087936349,12.536091336972405,1211.6437904173224,473.6854302581292,32.80824220859539,25.81631940659435,20.232042155323036,17.89931168291785,5.416999193045431,3.332448292759574,-4.376551281884673,7.5913598795487225,187.17551070345752,4.768509510687482,normal,0,0,0.0,gearbox,0,115.0
2024-01-01 09:00:00,T13,7.372783892208817,11.153527500618507,1082.136089369434,197.2219324154528,31.331349387604664,24.35630434580091,18.907085644419855,17.27405741167077,5.364590033257694,2.748624382154682,-3.5596627104217493,7.299732002326136,183.92170799736363,4.209746194309397,normal,0,0,0.0,gearbox,0,114.0
2024-01-01 10:00:00,T13,7.103785388688492,10.823634819594497,1052.162558435046,147.31504883170751,29.849488002098912,24.23643967700312,19.092417185713774,16.842567031283572,5.388368767291494,2.6481409846119828,-2.3715130969855123,5.779790436608804,187.56679880153715,3.950918615256982,normal,0,0,0.0,gearbox,0,113.0
2024-01-01 11:00:00,T13,8.266633070363751,11.986347705880732,1167.5580746553212,306.49545964022207,29.98317183844335,23.02851203107325,18.46920777769058,16.987743446194127,5.5333184498903485,3.255142225638152,-1.648330630361543,6.526107840454448,188.41508376337822,4.004301276735127,normal,0,0,0.0,gearbox,0,112.0
2024-01-01 12:00:00,T13,9.770936747183965,13.071424184856467,1270.6136276663904,689.2040157571246,31.705840369555677,24.45594789689095,18.97117227579009,16.83461207664524,5.4323528388340385,3.431983350948948,-1.7144829362391858,5.73313731280292,181.9236882616666,4.286774583819852,normal,0,0,0.0,gearbox,0,111.0
2024-01-01 13:00:00,T13,8.83521794794459,12.503688646964315,1211.3529432594792,408.7723724969924,31.311875881600614,23.944709032925815,19.60804022288171,,5.439713531436567,3.041721473288975,-1.7009359156551427,5.867854729380155,183.97864226709947,4.264860595161117,normal,0,0,0.0,gearbox,0,110.0
2024-01-01 14:00:00,T13,8.420455191836338,11.74618034800172,1137.9206709906925,325.70787693802106,30.02306576266856,23.783656094155628,18.767414042155178,16.82837799618776,5.500432202318936,3.0311550413999777,-1.6327503540249724,5.848032779616768,190.6375565818671,4.302845460280702,normal,0,0,0.0,gearbox,0,109.0
2024-01-01 15:00:00,T13,10.424633797376824,13.507995933556304,1312.2300035683036,910.7450880361118,33.22561045822969,25.25008664238972,18.81496385170655,,5.602780993702809,3.316151129363956,-0.5535563855272112,6.865577832279238,187.63970650653144,4.953116088950221,normal,0,0,0.0,gearbox,0,108.0
2024-01-01 16:00:00,T13,11.854498386678246,14.646344213356583,1416.5666666629932,1526.1512760396868,37.8995130961202,27.268269951251465,21.11127239525849,19.05389753121977,5.606677231887491,3.7790920572456064,1.3894481014885023,7.5983857592394894,183.28007564389748,,normal,0,0,0.0,gearbox,0,107.0
2024-01-01 17:00:00,T13,10.571470544068937,13.565802859297946,1319.8515288926094,951.0691834930092,39.46192144613622,28.249168096127875,21.946110505178865,19.30796707701358,5.5944850576309335,3.3738548964500508,2.4954535283199446,8.721931786747795,180.30582795335968,7.101872509132499,normal,0,0,0.0,gearbox,0,106.0
2024-01-01 18:00:00,T13,11.070463907484848,13.909039514909525,1349.1572740898507,1170.8887411695343,41.73249212436958,30.684981647538944,23.01876146246628,20.335526752001325,5.66484476600867,3.4727246806627874,4.3277193180194,9.58698877099909,185.08921443280872,8.292842843372929,normal,0,0,0.0,gearbox,0,105.0
2024-01-01 19:00:00,T13,11.69610807140487,14.361687560306617,1391.0781581147812,1425.1527257984758,45.32802808590266,32.57185430357644,24.985308104961142,21.7257093817747,5.6071764281051015,3.4440219304210493,4.368785225708594,10.891895242159743,185.83480100024312,9.475175773874653,normal,0,0,0.0,gearbox,0,104.0
2024-01-01 20:00:00,T13,11.203011167272342,14.199212874355096,1368.831777418592,1212.8824252983663,47.08477350648027,34.448371027518036,25.882197275683136,22.675496228831566,5.627713061492204,3.9999380412533645,4.673764477735626,12.161784221338594,181.09236563947417,10.289292560526693,normal,0,0,0.0,gearbox,0,103.0
2024-01-01 21:00:00,T13,11.23148088315282,14.133687087334312,1371.8937983381775,1246.2397927500099,49.283021123635955,35.41234624046767,27.04250083444635,23.63951208844288,5.564587189599124,3.652829228996853,4.760841423937421,13.396310966502336,183.5450555131618,11.014502806654486,normal,0,0,0.0,gearbox,0,102.0
2024-01-01 22:00:00,T13,11.557415234039379,14.15057719647183,1376.2066985524366,1371.7896114515827,51.38950996298634,,28.26707812679808,24.6127795852784,5.69558030495601,3.576278235028577,4.535358977290304,13.248657515403151,185.06328951907963,,normal,0,0,0.0,gearbox,0,101.0
2024-01-01 23:00:00,T13,10.96260876924319,13.959844884746527,1354.1017699428487,1119.9450408520936,51.512376532110466,37.7525486448397,28.432950272552812,25.216385361005504,5.6451576134889425,3.7944088547425556,2.7439383401744526,14.488274077902133,181.90202891375156,11.493599574701863,normal,0,0,0.0,gearbox,0,100.0
2024-01-02 00:00:00,T13,10.906439930814436,13.729771554366573,1331.257015901912,1100.0712728293893,51.93400850119003,37.55667617113932,29.087845906743738,25.342444562074213,5.619751743811713,3.6635422029603584,1.5923928845347028,14.685096084645071,184.270607241293,11.127466915031649,normal,0,0,0.0,gearbox,0,99.0
2024-01-02 01:00:00,T13,9.43666740223865,12.653219669381985,1223.2279418827545,567.9449059782376,50.26430886269216,37.323940485182135,,25.036579215588336,5.4925614142211066,3.1269180916528816,0.8277105876410382,13.54840968206237,187.11057006691098,10.41437874647749,normal,0,0,0.0,gearbox,0,98.0
2024-01-02 02:00:00,T13,11.087224772728861,13.999401063442779,1352.213517140868,1166.3016490736456,50.72044351103564,38.188737589622725,28.99773045720825,24.904939685803544,5.62364743755508,3.6951220532664437,0.38828631724475904,13.018906742798832,186.17612223339015,10.060429038036075,normal,0,0,0.0,gearbox,0,97.0
2024-01-02 03:00:00,T13,9.228860555731686,12.39464378583829,1205.2187237364976,520.7342596440537,48.27700599788213,36.662720242299535,27.760730415764872,25.235809564655593,5.53263557199526,3.1561749678107933,-0.9621808304312534,11.807684883796682,187.2938696206941,9.126137992942589,normal,0,0,0.0,gearbox,0,96.0
2024-01-02 04:00:00,T13,9.65580157623217,12.592099753028377,1221.138877326053,641.347740451175,47.02825196102109,35.919394290494346,27.600287811386355,24.33917078281495,5.428754647742661,3.075037525425721,-1.0678834280584961,12.139470978627255,184.13369187349986,8.303445309413581,normal,0,0,0.0,gearbox,0,95.0
2024-01-02 05:00:00,T13,10.677714580838632,13.88346254044333,1352.227784014653,1009.7763252997302,47.23857369622224,36.069048222179255,27.90421856575626,24.616477903175923,5.6407319350518526,3.5455722087293617,-2.4910300702129042,10.879636244829308,183.15911159718155,7.791943238079472,normal,0,0,0.0,gearbox,0,94.0
2024-01-01 00:00:00,T14,10.265502806957135,13.438034789144105,1301.2481330090607,840.368845957808,46.31165172157433,36.3386622769668,27.762673614828046,25.679581170800063,5.363241896447307,4.322763088194917,0.6571950858545694,10.902124113518209,183.3685457917119,8.483095395494974,normal,0,0,0.0,,-1,
2024-01-01 01:00:00,T14,10.249703583821763,12.975167388745758,1257.4605966827216,867.1721714639672,46.727740429761795,36.39529055378743,28.14454240965813,25.118243949529468,5.406589605936073,3.8659001706406784,0.3293361539982489,10.642950499300555,179.20134141085884,8.386903549611624,normal,0,0,0.0,,-1,
2024-01-01 02:00:00,T14,9.862822292294803,12.862904308422298,,737.9068256085261,45.71873355487374,36.451658697642074,27.757373513584255,25.703252597060136,5.382044268281868,4.0778432566233,-0.3351417729853581,11.663728051822313,177.72762463832362,8.12966989204869,normal,0,0,0.0,,-1,
2024-01-01 03:00:00,T14,10.65041120102728,13.624024334144138,1320.1253731937243,978.2022083075873,46.4610021148539,35.807318504619275,28.042866041242483,25.31919347291739,5.394331660130965,4.06490279016561,-0.37247954928711824,10.01393867876605,183.4826181083344,8.026097649315572,normal,0,0,0.0,,-1,
2024-01-01 04:00:00,T14,8.566944647747679,12.220830541464816,1181.4491272114608,372.7962770719914,43.97304370409363,34.5441022867432,27.373996186010235,,5.278799776350005,3.750933273099468,-0.11289386248333808,10.275143631208268,183.6338379695467,7.608911298252802,normal,0,0,0.0,,-1,
2024-01-01 05:00:00,T14,8.064752867218774,11.277265352920566,1095.2154408040144,289.37213034293114,41.537691480784055,34.318361824803276,27.117306394110287,24.442221105258987,5.173039191302636,3.7227454318027817,-1.2142631875663275,9.905195487844113,185.68355102059311,6.912198369517827,normal,0,0,0.0,,-1,
2024-01-01 06:00:00,T14,8.51937752783951,12.168935825682562,1176.5720344631773,348.4113385283421,39.676476877292686,32.70538319469755,25.893912332653954,23.6591720552891,5.232298999330292,4.1246717568773414,-2.729293277124629,8.900239333033797,180.07754474904272,6.129249297233103,normal,0,0,0.0,,-1,
2024-01-01 07:00:00,T14,8.89278541873934,12.172327475718463,1186.4671419997458,439.04457483971106,38.29875709076198,31.39017584775198,24.731313138639937,22.867472430500815,5.2257972046121335,3.9987059634977684,-3.0306806629147602,8.290883420443508,183.79111623248934,5.4517991271185515,normal,0,0,0.0,,-1,
2024-01-01 08:00:00,T14,9.035282076020428,12.399473539520342,1201.4002033509778,500.93547369640834,37.57567361066357,31.180533517925376,23.96357669287592,22.233305006522844,5.34490620409121,3.7635926374528217,-4.4430235014522825,6.70528642638076,188.41342663834092,4.793285306168965,normal,0,0,0.0,,-1,
2024-01-01 09:00:00,T14,9.031636321753407,12.122203992827586,1175.6515357534604,495.1928429086592,36.745479187748316,30.066235316611422,24.563550377063585,21.68518435743568,5.329933675482484,3.6337999873002538,-3.5630216473681804,6.62221371607313,180.0747230714537,4.42573211571047,normal,0,0,0.0,,-1,
2024-01-01 10:00:00,T14,8.83410039659169,11.892605187131966,1154.0034267570552,427.45606289977155,36.04803167697094,29.781038022064546,23.48462203803989,22.313798787075775,5.263357599399075,3.73333878080229,-2.2842799930767437,7.04068275392256,181.5165047115754,4.304280703234741,normal,0,0,0.0,,-1,
2024-01-01 11:00:00,T14,9.641668825831735,13.00401685781898,1249.8004443803334,639.9562721283166,35.99355143169067,29.322685868257444,22.82340097504967,21.808899859541725,5.256349379112131,3.9640729160757364,-1.9071366643783014,6.646109535490186,182.43744062618782,4.500007841599922,normal,0,0,0.0,,-1,
2024-01-01 12:00:00,T14,10.0052420551426,13.062288516821674,1261.1389594354323,767.8375599870683,37.05336525514935,29.996596603560366,23.271596733536665,21.18703470630435,5.263876297265847,4.100132598671711,-2.107555838438006,6.314949326515583,187.00588295466184,4.725323843606155,normal,0,0,0.0,,-1,
2024-01-01 13:00:00,T14,9.733913840761064,13.06942039784705,1262.6748513843647,676.7836325595671,37.925771945949066,29.644748787649274,23.264218227082935,21.671030216671127,5.289021442149822,3.8463525605390436,-2.0974502581924126,6.511256022398206,181.48995131002818,4.783816449435733,normal,0,0,0.0,,-1,
2024-01-01 14:00:00,T14,10.873757153435484,13.793462795533475,1339.6136758913133,1078.6691680300573,38.8955108822816,30.84776960880793,23.96450617437476,21.782190611415608,5.361671811473231,4.440765377220706,-1.3730831878503573,7.452768873952204,181.51837122842738,5.2045854787356465,normal,0,0,0.0,,-1,
2024-01-01 15:00:00,T14,11.43986368169783,14.109665611719123,1379.1574286045168,1350.9805329856658,41.261859970251585,32.46439768497743,24.3668988881262,22.523874298798056,5.398286308744153,4.511794439270189,-0.5645629766040053,8.55318762086077,181.5970750793292,5.947028697011784,normal,0,0,0.0,,-1,
2024-01-01 16:00:00,T14,12.321185234556525,14.5106636727819,1416.6652714530533,1825.0355737953798,46.45942574062604,34.825235794682484,26.53022158671509,23.74719576056127,5.567282711852692,4.345322082147463,1.3642772625921715,9.334036123348058,177.7645947222567,7.1662954658939055,normal,0,0,0.0,,-1,
2024-01-01 17:00:00,T14,11.317285270846797,14.044256540773212,1357.3218958626544,1247.7371584724965,48.561773953610256,36.442981557278635,27.124609618546522,24.083742647220102,5.505566676423987,4.481670371859857,2.5079656159813624,10.94284288852486,182.93648977473507,8.056235439848248,normal,0,0,0.0,,-1,
2024-01-01 18:00:00,T14,12.62991726298642,14.94412284141263,1446.293436107166,1907.1262067361745,52.86856690203021,38.86597392814281,29.022781456668657,25.811204155984584,5.617644061748043,4.884972924925914,3.772663430818326,12.549056114874096,181.6000292569706,9.523162656605196,normal,0,0,0.0,,-1,
2024-01-01 19:00:00,T14,12.355702825098074,14.862854010937237,1441.7847195763782,1795.1436348458656,56.24280507305511,40.6819401879667,30.10061151417431,26.939765887829292,5.564420687040778,4.599685909447833,4.143197144970349,13.407227840583325,178.4519561107892,10.6790192281671,normal,0,0,0.0,,-1,
2024-01-01 20:00:00,T14,11.160576931028523,13.672121292612081,1330.055812899789,1212.9093379402389,57.51651657077541,40.85254682155712,31.500472322479382,27.62680065297009,5.353299717728939,4.1025847104638755,4.093809496876807,14.299626287287333,183.0331731911336,11.228308217218437,normal,0,0,0.0,,-1,
2024-01-01 21:00:00,T14,10.570000494657016,13.466719122845355,1305.6549572182503,948.4383324118571,56.406321822624,41.590372865017635,31.13647107605762,28.07424892993591,5.362864012999757,4.352330331156728,4.507181818417429,14.793021253545653,180.31787466761648,11.550386055050865,normal,0,0,0.0,,-1,
2024-01-01 22:00:00,T14,9.999941723386405,13.356857899157694,1300.6946434669378,758.0867019772468,55.523110804854674,41.11402580057466,31.18788108840656,27.773948160551804,5.323182080662201,3.8940884346526174,4.442375386434604,14.582390293134132,183.8902368042762,11.596150259527116,normal,0,0,0.0,,-1,
2024-01-01 23:00:00,T14,10.170513098764975,13.310195895370505,1286.5172899119184,819.1027653602735,53.81658763261215,40.995829269238016,31.419755979208084,27.307501545718637,5.366224528622094,4.205798812275406,2.6226183164090497,13.165728130355339,186.2612277133501,11.30514078340423,normal,0,0,0.0,,-1,
2024-01-02 00:00:00,T14,9.243522264302372,12.452720009327722,1211.5451177972013,542.850463793541,52.4830333919761,40.059900496365444,30.723387795292172,27.474848877695564,5.280499829195924,3.723966252641219,1.0550845288621207,13.292877846825446,185.7297063418032,10.612703323855834,normal,0,0,0.0,,-1,
2024-01-02 01:00:00,T14,9.251663535723505,12.289797089739883,1194.9447202662661,550.0772812651412,50.12332428521511,38.80857387383599,30.27499074131434,27.03411881666002,5.3810636958351665,4.189841597906176,1.1702860984446997,13.449270568882172,179.47826275655598,10.001070513049712,normal,0,0,0.0,,-1,
2024-01-02 02:00:00,T14,9.66062710223965,13.01555417944236,1257.502716846795,666.0029601489815,48.07134186960567,38.32848582183274,30.149960891076542,26.76673539847224,5.3240544749549175,3.944135764620803,0.3255611665869507,11.918557868155931,186.67810376537042,9.407851481272129,normal,0,0,0.0,,-1,
2024-01-02 03:00:00,T14,8.16091957146328,11.869284570065847,1158.3157367073431,329.3914606701641,45.904887036790505,36.910232068777205,28.925730196150653,26.0209325244907,5.326032169390802,3.7216923549185563,-0.6492629422818763,11.619030867000891,182.96384791013463,8.490841251343943,normal,0,0,0.0,,-1,
2024-01-02 04:00:00,T14,7.7092914187687684,11.14437354633328,1085.6835087038141,246.43507599091072,43.30188856652664,35.404486472470545,28.103828040417095,25.180498506124103,,3.6299027782742623,-1.063632070954434,10.503911621346687,182.01797207861011,7.547271492422863,normal,0,0,0.0,,-1,
2024-01-02 05:00:00,T14,8.004520846269966,11.478828438580987,1115.873516899395,287.1362469731513,41.64551463806798,33.66556074923076,26.720066626736894,24.794369373377208,5.21437029100965,3.9637016832222556,-2.13786663421132,9.595480618784682,186.0679448995939,6.725185209131169,normal,0,0,0.0,,-1,
2024-01-01 00:00:00,T15,10.464626771602045,13.694758599355662,1326.7702704414633,,53.341282940099866,43.495250102194426,32.113027100871214,26.722665463075923,5.411114770780366,3.3310859135512576,0.9603431585921015,13.649013580118758,196.45181478972617,8.697493459450634,normal,0,0,0.0,,-1,
2024-01-01 01:00:00,T15,9.794686000880953,12.960921119409674,1256.9770785248697,703.2523949083883,52.2365287644592,43.14046932860312,32.195295907821965,26.743635714246096,5.166474901584415,3.1876771460819553,0.5967683114499164,12.974185199642193,199.26105403151118,8.445946986970355,normal,0,0,0.0,,-1,
2024-01-01 02:00:00,T15,9.479693803412372,12.808709667206926,1246.0523710128755,623.2946433739742,52.23740425333138,41.67283001392573,31.52769213692099,25.93708352576254,5.288721155539208,3.2250809190019343,0.11646246435965509,11.958867392277199,197.16981296573618,8.100079732913697,normal,0,0,0.0,,-1,
2024-01-01 03:00:00,T15,8.557270924005667,12.019213703779277,1173.9823463705832,359.5508327233937,49.294016329835685,40.93381161243682,30.833199897110998,25.43506781354095,5.323696418476197,3.037086258756405,-0.6738606657332811,11.96328560818835,198.53469361711507,7.5947074173047096,normal,0,0,0.0,,-1,
2024-01-01 04:00:00,T15,9.6173702768102,12.734433899692249,1233.111568120745,636.2856574514437,48.924644905289426,40.579480583277544,30.437651102499427,25.19124286848009,5.4160497016255125,3.4409901950141646,-0.02290016338603819,12.988294052196785,195.9230361417293,7.446329908334768,normal,0,0,0.0,,-1,
2024-01-01 05:00:00,T15,8.931888771466378,12.381370746601734,1200.2905443706327,492.539796713901,48.123941048476176,39.63869108485939,30.370653903641227,24.876845372931445,5.4036825523711265,3.2624564814683734,-1.4680461357489554,10.56588341889515,198.6228707384468,6.9194755451866,normal,0,0,0.0,,-1,
2024-01-01 06:00:00,T15,8.744260160552239,12.371620763366094,1202.3592183058402,432.6763897540395,46.25084125605918,38.33586742060499,28.795575614397006,23.867652571335082,5.29550752351646,3.362650404494563,-2.408876450601329,10.723374690520377,199.24404615342849,6.190540428063706,normal,0,0,0.0,,-1,
2024-01-01 07:00:00,T15,9.414879385227804,12.838012387129169,1239.501416485222,561.6626908151974,45.01383470088266,38.17114624232437,28.390013125708542,23.476114684427074,5.201521586346602,2.960984303383685,-3.084667186910376,9.335633169685181,199.29005332440744,5.580534165710242,normal,0,0,0.0,,-1,
2024-01-01 08:00:00,T15,9.779528434560454,13.069932691369736,1264.348440726038,690.9940884589768,44.681830999289495,37.683901917865406,28.704921429601715,23.285697685089804,5.304212146304237,3.2717316865097947,-3.992545993803942,8.991853904696193,193.33343848433262,5.019137322013779,normal,0,0,0.0,,-1,
2024-01-01 09:00:00,T15,9.02788755490949,12.306773844106736,1191.9028637693782,492.46179941580993,43.51598267090651,36.991613373965606,27.46510695057035,22.263746477443135,5.176256387236069,3.0519500032778093,-3.2179867316789426,9.167791058043495,198.6469935791332,4.600094199364144,normal,0,0,0.0,,-1,
2024-01-01 10:00:00,T15,9.780418401019135,12.943712858898476,1256.0330266489389,688.1082605792159,44.072891044186896,36.60343427996834,27.120404499072272,22.98793570536989,5.307230761986861,3.120377470469009,-2.125303540837168,9.74604359368735,194.20927357297322,4.6123135789530405,normal,0,0,0.0,,-1,
2024-01-01 11:00:00,T15,10.02883914779714,13.40445888326895,1302.8565842692499,792.2420489934384,44.14160540579316,36.60549603274014,27.14880384938964,22.529675226874268,5.421978597001586,3.334347131893212,-1.7432955933988492,8.638431170758313,196.61381085360148,4.840782097391176,normal,0,0,0.0,,-1,
2024-01-01 12:00:00,T15,9.980406887646046,13.022185446510026,1264.5634877887449,767.8840264370118,44.45861685542657,36.483612603318015,27.401759442221625,22.352162593944268,5.3272295910314575,3.225502221612187,-1.8571946789276914,9.5345729926803,193.4752791700942,4.991158430980295,normal,0,0,0.0,,-1,
2024-01-01 13:00:00,T15,10.410517445838165,13.502757021655698,1301.0926481887436,901.0996458201231,45.690963060477905,37.22559055694116,27.644212795561952,22.46050694695372,5.421227896539287,3.424166043114044,-2.145321609586987,9.73142115769823,196.5933748951258,5.139215996339529,normal,0,0,0.0,,-1,
2024-01-01 14:00:00,T15,11.507157975903354,14.30527115161219,1396.3471876393987,1383.7621934882957,47.95761874771742,38.72988801703127,28.24783193754571,23.114579905538267,5.481281389557476,3.8792128580396477,-1.5945069376167553,10.697586136366782,189.42842093880466,5.683158522123045,normal,0,0,0.0,,-1,
2024-01-01 15:00:00,T15,11.561437997453107,14.043360442108405,1360.7040303314784,1424.7036103456485,51.33991194789423,39.93865834534416,28.909123611966546,23.831208940229633,5.545746378036613,3.4665558605492155,-0.5363993770880099,10.712419039282063,193.75761552337102,6.368972901911543,normal,0,0,0.0,,-1,
2024-01-01 16:00:00,T15,11.901290826572067,14.554599955949968,1422.8144108936701,1623.968425709325,54.33820783537076,41.832542497238,30.67670240280542,24.824039447074966,5.460328258514988,3.821666752892948,1.2644577144377835,12.536613141286047,193.00522797877213,7.362707627978922,normal,0,0,0.0,,-1,
2024-01-01 17:00:00,T15,12.788305075900485,14.692704647276297,1423.7713073253724,1326.5451275993723,56.821666574028924,43.41307823748187,31.510018452134158,25.18932469325846,5.431343989139108,3.6537558454840777,2.5041123949288133,13.796652632656361,194.55144978394372,8.261450185898298,derated,0,0,0.0,,-1,
2024-01-01 18:00:00,T15,11.219126111272084,14.246815588992066,1386.5414503748784,1255.033882028136,57.85057070799452,43.81303935742666,32.15097875609947,25.832878033033772,5.552467074700116,4.029117754508785,3.9641411754619718,12.872232663499002,194.78721208250184,9.252849224216929,normal,0,0,0.0,,-1,
2024-01-01 19:00:00,T15,11.828345344614421,14.610384886400764,1411.4185967974854,1537.334522694528,59.93453122923809,45.86538048002717,33.569176988024864,,5.494769264856596,3.7158244543904706,4.505863268588758,15.215961257808571,196.28456425447044,10.298020736884368,normal,0,0,0.0,,-1,
2024-01-01 20:00:00,T15,12.674254191522026,15.066329749130427,1476.1014519772366,1942.2615202352629,62.947465868754826,48.23717981416659,35.42288493806707,27.800983184057877,5.650221397732695,3.846239137693717,4.6636910056345435,15.887272150326698,192.5466953233777,11.412501834332621,normal,0,0,0.0,,-1,
2024-01-01 21:00:00,T15,13.266866729318073,15.126197536808807,1472.7519935812086,1918.6131214648897,67.22639250217343,50.37004925459439,37.18823621721939,29.606309633604464,5.5918363561128865,3.8773309252743906,,18.189150420333576,189.675763276944,12.33437243717493,normal,0,0,0.0,,-1,
2024-01-01 22:00:00,T15,12.327111833737948,14.728502008754091,1429.8830838451704,1793.906091006669,69.81792682796548,52.47024737314146,38.29172003011337,30.421172762050603,5.5003192598175366,3.7942987757570705,4.415675637224742,17.96047787945913,196.05059713363477,12.891300434343304,normal,0,0,0.0,,-1,
2024-01-01 23:00:00,T15,12.641827499312177,15.189190133536192,1460.53740526777,1913.564155472775,71.4345770456328,53.20428463487184,39.39591104499477,31.60919706718325,5.563499730158502,4.403435511507406,2.7873751316836697,18.635324608536845,196.10864206514293,13.037702437235108,normal,0,0,0.0,,-1,
2024-01-02 00:00:00,T15,13.79116570660598,15.011627177119271,1453.4555839925667,1926.8192891259534,72.55443226200599,54.577866910876075,39.632585476421,32.35177842170075,5.5059076104157665,3.8639102522863773,1.482412645491716,18.706672626139035,195.61326514996315,12.877520838563312,normal,0,0,0.0,,-1,
2024-01-02 01:00:00,T15,13.96632858926843,14.600270271034235,1406.271944419607,1896.7879735292656,74.46068071614337,55.94831726057449,40.82478796324396,32.79400381346698,5.5695301064755025,3.565646147314627,1.1120319243161367,19.561896523229173,193.3859977478095,12.656457231415866,normal,0,0,0.0,,-1,
2024-01-02 02:00:00,T15,15.552322008573906,15.197132449745029,1471.972407323957,1914.5124865894836,75.43624198720764,56.618434685071584,40.726400157210776,33.33015677267831,5.5960640244080695,4.001301567476849,0.2864857670185737,18.7278442353178,198.65733877221768,12.30306940904846,normal,0,0,0.0,,-1,
2024-01-02 03:00:00,T15,14.307947267408686,14.744577340991828,1434.7126099978752,1927.1284740714632,77.53501609567216,57.62153906927802,42.12275995808936,33.82952868927257,5.63838145556544,3.753011542476287,-0.9246897752067949,18.209195429105957,192.32296335783582,11.803617663854338,normal,0,0,0.0,,-1,
2024-01-02 04:00:00,T15,15.229221326757337,14.985082316246793,1460.8918319897352,1932.3322785285638,76.74249009441327,58.19920981907257,42.19827528236889,34.48055049719503,5.576490363004027,3.877215126731039,-1.1981017522354953,17.92211156884974,194.14915191628035,11.243929247855823,normal,0,0,0.0,,-1,
2024-01-02 05:00:00,T15,13.227722227707313,14.996086745411578,1448.5121597249533,1916.7435428477604,77.27003236865754,58.569759047577854,42.32361450799874,34.64848244053259,5.511099703043024,3.5784274332970147,-1.847786944883556,18.069703935739376,190.49722523221098,10.68411907364612,normal,0,0,0.0,,-1,
2024-01-01 00:00:00,T16,11.91461600634651,14.744241891781718,1439.524146311664,1609.5740772462213,72.13420157134,57.307407318179855,42.529646751800875,36.92040480807283,5.246760404105146,4.494627536032811,0.684901655487263,16.985728654020022,189.1721411596184,10.790711089360215,normal,0,0,0.0,,-1,
2024-01-01 01:00:00,T16,11.527885624061378,14.23258421136956,1380.8711541669227,1396.447878599136,71.0619826249848,55.939998674949884,42.910039906174596,37.09820195117666,5.188863382672258,4.228846226978498,0.1816782800179757,15.840694281003291,185.9692050433019,10.536165757535723,normal,0,0,0.0,,-1,
2024-01-01 02:00:00,T16,10.852412435160526,13.98971858956487,1358.9318015498777,1128.977316563281,69.31250725997187,55.03723980027325,42.00027584769889,35.85192390318758,5.258632605624037,3.941068920745957,0.16401912228319915,16.10515253584311,189.481999917527,10.064200938259626,normal,0,0,0.0,,-1,
2024-01-01 03:00:00,T16,9.895632091752347,13.345692202003672,1288.0407173903543,734.0732641897679,66.09049895900759,53.79567581743272,40.586773602458,35.4017124830246,5.107918135592943,3.640821855902741,-0.4160941843565666,14.350250755737179,187.08906641239642,9.373906762242342,normal,0,0,0.0,,-1,
2024-01-01 04:00:00,T16,10.696256341615506,13.546440397077255,1313.551750722337,1035.0418906559378,64.81048090382868,52.683102102368366,40.37517441250206,34.82552607060571,5.223892057883263,3.8316519381615617,-0.07427580390600853,14.072368041676691,196.46047398767615,9.097284511301087,normal,0,0,0.0,,-1,
2024-01-01 05:00:00,T16,9.15486837619749,12.260988152609062,1191.2862828932323,496.83565348447354,60.18351027451821,50.180226136943844,38.62342511797391,33.391702182157836,5.1231978280884345,3.8687132820534917,-1.192353824690133,13.00489449739151,188.21689153611442,8.210055400968907,normal,0,0,0.0,,-1,
2024-01-01 06:00:00,T16,9.007140212976076,12.175172969011603,1177.7160531579252,471.5867913134019,57.1557099091422,48.22905656205705,36.928152495061674,32.27570634889169,5.32070912463274,3.3931750935785865,-3.0333276027825504,11.617148964036042,192.1660621926131,7.222873580603084,normal,0,0,0.0,,-1,
2024-01-01 07:00:00,T16,9.472197206299054,12.640287360963415,1230.6056678555985,608.4059115021191,54.41835736225912,46.73509319620658,35.1923953295787,31.54671479902149,5.181670794100843,3.5113085273107627,-3.582497794934134,10.770450823527467,192.4709768763432,6.416604550344325,normal,0,0,0.0,,-1,
2024-01-01 08:00:00,T16,9.062755483801018,12.330001788636416,1186.210325300748,496.83567034205714,52.20242959269409,44.42947681244419,34.22442362133231,29.864532755437363,5.124174314676327,3.684734341012305,-4.0662722436840575,9.948771297582324,193.33088085937584,5.543127666071197,normal,0,0,0.0,,-1,
2024-01-01 09:00:00,T16,10.777889300054659,13.796628431044372,1335.950557353921,1065.0784031263274,52.22370077715215,44.42551161499142,34.61359680916697,29.635224207468507,5.198698889744315,4.015765863772392,-3.3603014023635347,10.154751529980143,186.34028426708917,5.386733626177871,normal,0,0,0.0,,-1,
2024-01-01 10:00:00,T16,11.62291773843794,14.253746856474013,1383.2538533105119,1463.1973768282878,53.955850509607004,44.67526950082994,34.27226705212036,30.108070963218935,5.314304097072299,4.032266742550531,-2.405846456147621,10.410826956101166,188.67897922782444,,normal,0,0,0.0,,-1,
2024-01-01 11:00:00,T16,10.537511603342466,13.567368041126942,1315.5826645878535,987.2746672425861,53.76443089955783,,33.56701154536958,29.401953165769292,5.1730077996016,4.0708598812524865,-1.8023156096806496,10.309675463517472,188.9913395172158,5.847110929754107,normal,0,0,0.0,,-1,
2024-01-01 12:00:00,T16,11.065384889424063,13.763441855367747,1333.333426282869,1223.6309577547574,53.68494167806996,44.61772448765439,33.80872061663348,29.611950018837508,5.3367511395371245,3.931956865020771,-1.8517376578848643,11.248126231016196,188.9921384268388,6.076887894893094,normal,0,0,0.0,,-1,
2024-01-01 13:00:00,T16,9.975995772572936,13.031294757722168,1266.1304507549928,781.2399058161187,53.01922758850568,43.58498828492292,33.792259704684824,29.19518046342046,5.195617408988113,4.338533026427625,-2.1081264987943125,10.051132545897241,195.44507600362985,5.906977549788869,normal,0,0,0.0,,-1,
2024-01-01 14:00:00,T16,10.949753375948953,13.764723946399256,1335.1231500387858,1155.4686872694094,53.98750433110525,44.266937001983116,33.818285483550696,29.351347000995563,5.208888520123604,4.130873937110951,-1.6038912893586714,11.096025446839054,185.8957600197011,6.131338819709065,normal,0,0,0.0,,-1,
2024-01-01 15:00:00,T16,10.259530021354703,13.053983144966896,1262.9352751276633,873.9562075632324,52.16566977056391,43.370956963777616,33.078749536869424,28.545375221065342,5.204681580079779,3.8439581157022573,-0.09841826592415803,11.137108493004911,191.24544351288588,6.355060248192244,normal,0,0,0.0,,-1,
2024-01-01 16:00:00,T16,12.974608741431512,14.95319610752416,1439.742466001554,1946.7680495838842,58.01301529189493,45.388482981995516,34.50878928897495,29.742673242333773,5.457881338235062,4.15553123142819,1.2604872376044447,12.778847957253156,189.1288045632497,7.5649035098350765,normal,0,0,0.0,,-1,
2024-01-01 17:00:00,T16,10.836829972173105,13.424031670022545,1309.7152823517704,1121.3290872813807,58.02762790688519,45.80566671802194,34.36221375118819,29.653128869669974,5.296577745702482,3.9451409313700774,2.354246631273806,12.80265879101695,190.68755981270607,8.283720387136224,normal,0,0,0.0,,-1,
2024-01-01 18:00:00,T16,12.577321260247867,14.92491161903301,1448.1811784639065,,61.062260890305026,47.99649814951805,36.21190872550242,30.73224769420862,5.312144343795823,4.367936800929183,4.034930584158704,15.487033495863406,183.98972031840697,9.741488359612813,normal,0,0,0.0,,-1,
2024-01-01 19:00:00,T16,11.10906889240745,13.826589021900245,1347.8247313061859,1232.8460870157685,62.205918955605384,48.624489535502036,36.227527104113776,30.812240508213524,5.232774860868171,4.105482041073528,4.321793401327598,14.731594925790167,192.21314179696427,10.478196894945176,normal,0,0,0.0,,-1,
2024-01-01 20:00:00,T16,11.293251184083207,14.220250951500486,1379.6636764589152,1319.2662395792927,62.38386305623024,49.10794542471626,36.64807856127173,31.661711204224833,5.228881679603602,4.145086127506795,4.5244848208391355,16.202561344011063,191.77805883582866,11.141862352387111,normal,0,0,0.0,,-1,
2024-01-01 21:00:00,T16,11.056733185541576,13.999168511756533,1354.629500716649,1238.2853886711264,62.42065718486255,49.85512762300044,36.525261072594496,31.741977827408622,5.217011750878142,4.051536027481937,4.75275195437046,16.762303230134684,191.63509535303749,11.674257337613549,normal,0,0,0.0,,-1,
2024-01-01 22:00:00,T16,11.620969690286133,13.982168653355199,1363.653246011406,1480.5207855427034,64.37956262673065,50.16524784961636,38.02330363041552,31.994193551428904,5.243629116634214,4.345956738214118,4.519774329330846,16.159757402729714,194.08522004467397,12.16957635507921,normal,0,0,0.0,,-1,
2024-01-01 23:00:00,T16,13.117109933856739,14.957143813684503,1445.6703211779818,1965.3237619203594,67.0650468661506,51.97607170630355,38.92004299214482,32.845308449679756,5.459063405983129,4.630627060019767,3.3002369625610055,17.22243781816926,183.77047630962787,12.508918995664521,normal,0,0,0.0,,-1,
2024-01-02 00:00:00,T16,13.281548170461045,15.174952567006544,1476.913281906536,1967.392770562452,69.83263361573708,53.66793633960672,39.61850558658647,33.58299347822543,5.484556853913873,4.619642494545074,1.1880867481387707,17.76221482593888,188.59856862461749,12.491848251886344,normal,0,0,0.0,,-1,
2024-01-02 01:00:00,T16,12.468375536318556,15.12481075882044,1470.399223608434,1942.3617770825963,71.07156082293768,54.60870697215414,40.779564961031554,34.08380798294222,5.360850817903364,4.539798489526094,1.3246140829899824,,188.1314716785115,12.385711324153029,normal,0,0,0.0,,-1,
2024-01-02 02:00:00,T16,13.21884455026705,14.978300871474875,1457.5409294978203,1964.3956978822496,72.55258683498879,55.7121200682618,41.321914202416174,34.573261339040684,5.483170690093564,4.817408562891298,0.558443927695659,18.653673525587315,189.6135620623038,12.124810520836673,normal,0,0,0.0,,-1,
2024-01-02 03:00:00,T16,12.116650838413927,14.84251229626429,1452.7860104871681,1753.2065001791757,72.34831017766791,56.19796493922641,41.388335404411684,34.526601721808106,5.293770782573722,4.213379082524641,-1.175331301512848,17.614020449221837,187.3982206659546,11.549787228280236,normal,0,0,0.0,,-1,
2024-01-02 04:00:00,T16,13.087711576859856,15.360312501030474,1489.1942739887781,1960.1433567628153,73.73495950683768,56.57254800393361,41.58027441025598,35.563996397672106,5.4183933770664225,4.182866869609732,-1.1444711101982938,16.686665239680835,188.3639785990253,11.064296819742628,normal,0,0,0.0,,-1,
2024-01-02 05:00:00,T16,11.18240531352528,14.112377913753402,1374.6703601778327,1256.9842797626995,72.14548580907126,54.867054932620114,41.3809829583217,34.57887272310582,5.3967568938853425,4.0239964425620895,-2.2652997545657767,16.42117126272118,188.8530255421235,10.108564666081689,normal,0,0,0.0,,-1,
2024-01-01 00:00:00,T17,9.66545600662451,12.677646602262042,1224.020855023017,699.9639524558906,44.9731432163217,35.36427207186211,27.1565716969031,23.786739483718463,4.826102661684024,,,10.935469473729409,172.92854949128397,8.061880714989222,normal,0,0,0.0,,-1,
2024-01-01 01:00:00,T17,9.599648717514155,,1236.2054262059235,637.7542827606212,43.36674664533988,35.2605096832193,27.32207538197659,23.55942537385644,4.753807105882625,3.6495661509703567,0.5085964304897902,10.869805081518066,179.33448623128888,7.906940292272928,normal,0,0,0.0,,-1,
2024-01-01 02:00:00,T17,10.601513597330095,13.665170948517535,1327.7091555609834,1024.616863980931,45.51738949655666,35.90521193188436,27.315614440475695,23.285809871593145,4.855036830399767,4.34673749520295,-0.054618996875900244,11.053170042101254,169.4709901582998,7.944527176650295,normal,0,0,0.0,,-1,
2024-01-01 03:00:00,T17,11.485616996330869,14.238233640925213,1382.0829003688584,1396.2063255183123,47.3702321837679,37.05507562717953,28.113923062410056,24.654781850502754,4.783327928026819,4.35567728813135,-0.2651224150492474,11.118559885086972,175.0685931974235,8.157569048663904,normal,0,0,0.0,,-1,
2024-01-01 04:00:00,T17,12.180831251642116,14.911019227546797,1448.4952364089795,1801.0138977233808,51.78493122606677,39.140002669017036,29.492414316142227,25.454184943186974,4.977842994957088,4.7599612561495865,0.008980747446456666,11.729040013126092,174.68628464355618,8.654082619374417,normal,0,0,0.0,,-1,
2024-01-01 05:00:00,T17,11.185840795265111,14.257730703542926,1386.952080001689,1260.5415184249791,53.14996233444431,40.51485507556853,29.45073473423496,25.431528852764643,5.002184053431,4.21352560465903,-1.4377824312304484,12.109842758307561,175.210805576719,8.368403796126838,normal,0,0,0.0,,-1,
2024-01-01 06:00:00,T17,11.20779832355921,13.854137756621899,1326.7963794781565,1270.5809289888828,53.53077304438454,40.27733097453788,30.70804224414221,25.443190575265433,4.798027731725306,4.225125422702415,-2.7333556905002063,12.030612758911381,170.96516856961168,7.873721459692088,normal,0,0,0.0,,-1,
2024-01-01 07:00:00,T17,11.534408084650027,14.248051348622027,1376.7199269809203,1398.6408976620785,53.90467673525171,40.942533199770935,30.732478131945612,25.78555957987137,4.866947177259909,4.637633775796736,-3.334776511276538,11.56866920533428,170.06876239955335,7.445820986899322,normal,0,0,0.0,,-1,
2024-01-01 08:00:00,T17,10.848902291197914,13.610929131808422,1323.3123283513685,1104.3721497096783,53.79703870064148,41.11664237887198,30.26511357963027,26.098982605132925,4.8668728119747735,4.146061173683247,-3.8085802104685818,11.196977969240537,173.43368177775645,6.746890562966724,normal,0,0,0.0,,-1,
2024-01-01 09:00:00,T17,9.893788961064116,13.225432969683869,1276.4320998952965,724.1188508316643,51.932992136105874,40.03288872769866,29.748677853043425,24.830927615229523,4.770416187882446,3.8689466541509656,-3.3674035252742094,10.600819529935494,176.83833614396949,6.100635381241905,normal,0,0,0.0,,-1,
2024-01-01 10:00:00,T17,8.381621034486919,11.920477131397451,1159.6555270346967,348.8457265502975,,38.31916677814731,28.54915960335024,24.41247209894896,4.7510564047763255,3.903419708761023,-2.3210899405423437,8.846062385283366,179.891564007741,5.558822428358608,normal,0,0,0.0,,-1,
2024-01-01 11:00:00,T17,10.103963865019454,13.294804351363611,1295.3112710625373,843.1801138931539,48.40536930613465,37.87120248813151,28.983682220829976,24.422268060015778,4.93580198981981,3.9775371073980286,-1.6204642902873032,9.403670704443876,168.3561273459255,5.612678122761331,normal,0,0,0.0,,-1,
2024-01-01 12:00:00,T17,10.021517737354957,13.303783640806197,1283.3096847776233,809.4564239975629,47.680440567077426,38.12506907363622,28.702021674721898,24.48704667165432,4.816532607542242,4.53162583206781,-2.132981239784548,8.832146297511335,174.5467070827321,5.62067511315898,normal,0,0,0.0,,-1,
2024-01-01 13:00:00,T17,9.146582292976579,12.434454223476386,1211.3554240702865,554.8669472860602,46.89733684118881,36.64431869266859,27.958294534182834,23.867142499353093,4.740384161255476,3.8532360141944393,-2.013787283129216,8.46987106969799,176.23327596525968,5.401725427406421,normal,0,0,0.0,,-1,
2024-01-01 14:00:00,T17,10.758029593718916,13.737000392383287,1329.9782451999217,1093.6603820529933,47.24821301601479,37.819284135504795,28.019156954199257,24.6703037460133,4.803123578405147,,-1.5989782927627005,10.100874089938767,176.3846440267766,,normal,0,0,0.0,,-1,
2024-01-01 15:00:00,T17,11.966731108467865,15.027250942192481,1459.0922707596342,1662.9832794628967,50.79889322292525,38.84868188702334,29.074705656728568,24.841123838118992,5.033225945231828,4.454229017611687,-0.16095652824811418,9.798682110485709,171.3380367676054,6.53660380886313,normal,0,0,0.0,,-1,
2024-01-01 16:00:00,T17,12.472223203349573,15.072306647350395,1460.5759818972633,1991.3581990770144,55.997434577891276,41.225768125337964,30.66160476284595,26.92386845648672,5.172172397091421,5.233763853589817,1.287958660033686,11.62799515259496,169.9245551105561,7.735936985823834,normal,0,0,0.0,,-1,
2024-01-01 17:00:00,T17,,13.808578567758847,1343.1095222560643,1139.6012568737233,55.12319417490547,42.07379716914019,31.751971297669417,26.637218007021175,4.864577464057654,4.008399831597149,2.3797389831799705,12.312528750405766,171.51708140824266,8.429186130338401,normal,0,0,0.0,,-1,
2024-01-01 18:00:00,T17,11.581266210524856,14.321123284023729,1389.1456446424181,1442.41049219639,56.980260465796704,43.49509926595355,32.58304028537183,27.721455872487805,4.874291715415127,4.416680454076418,4.068990577388881,13.579632098924153,174.01001928676163,9.507351823591257,normal,0,0,0.0,,-1,
2024-01-01 19:00:00,T17,12.258780785505742,14.894605517250593,1445.6191156555783,1859.9540566509309,60.278843093780914,45.44675533072017,33.339881968879126,28.601829820334924,5.000807254150458,4.461035819819973,4.9142523121087605,15.11253533633607,172.7852965518675,10.709461656807571,normal,0,0,0.0,,-1,
2024-01-01 20:00:00,T17,11.66287130198585,14.302180728634452,1390.8573373196236,1520.8868646569797,62.7374798789704,46.772914118373215,34.59746648030717,29.516768825361545,4.8468697762032145,4.246868600810975,4.786021247079917,16.04098619022967,172.46771663304273,11.455318479191053,normal,0,0,0.0,,-1,
2024-01-01 21:00:00,T17,12.68977030150177,15.048493174175306,1453.5030414697892,1990.295623153964,65.40225195929949,48.87149667371769,36.13198199555618,30.377019784547652,5.047370791202209,4.388150752162849,4.685900414682587,16.414720231515375,167.74868411201746,12.415079871279296,normal,0,0,0.0,,-1,
2024-01-01 22:00:00,T17,11.652211088350766,14.463617069035093,1404.806926132558,1508.2994514217464,66.04253078830928,49.48662506881616,36.93791410703726,31.089088742290816,4.923059527536463,4.997729395104567,4.405703292074148,17.731715121014865,169.38317988640694,12.765751850818662,normal,0,0,0.0,,-1,
2024-01-01 23:00:00,T17,11.286379510577722,14.034510016344637,1365.1828112336464,1303.9107121041718,66.09521002988956,49.81797050594965,37.26699735330504,31.548088412479746,5.002273779633921,4.382133816493868,3.1316372168933055,17.19007354026477,175.67359666191038,12.53740326946261,normal,0,0,0.0,,-1,
2024-01-02 00:00:00,T17,12.025641640123178,14.383858109824715,1383.4911768785578,1725.9250970050932,67.11847609180401,50.49302790556526,37.627641078411926,32.42090521840648,5.083598786538989,4.724461981652968,1.2815498146335254,16.570353045901367,167.9378536674501,12.354697320900996,normal,0,0,0.0,,-1,
2024-01-02 01:00:00,T17,11.562624804838778,13.997963913555099,1360.5382765929558,1467.5525891208492,66.96685962326326,50.51468583609584,37.72746000285963,32.16707441655014,4.933763471752019,4.185873830983253,1.07161675091792,16.758150882886117,171.1873979960575,11.965359533929705,normal,0,0,0.0,,-1,
2024-01-02 02:00:00,T17,12.584852691184722,15.103354073500908,1475.1232951358468,1991.5148871328931,68.89877546790458,52.046619235992544,38.68232153934508,32.866435171482465,5.058771516672905,4.498366302665329,0.2356026113210003,16.586976599404938,172.672501465482,11.814834789367906,normal,0,0,0.0,,-1,
2024-01-02 03:00:00,T17,10.07473704416972,13.173068102166182,1276.5573860501106,799.3834483485548,65.68439553919224,50.560527432707936,37.51935581537298,32.29386048955594,4.873929482398166,3.6279386408226517,-0.7042130974443063,15.672718896484314,176.91907275829556,10.678482943526387,normal,0,0,0.0,,-1,
2024-01-02 04:00:00,T17,9.621097306185554,12.913159038823789,1250.688479463393,656.6276002602183,62.54010898137175,48.872069620389425,36.20012921098334,31.361999049667503,4.7564795876506425,4.113048021789801,-1.922733479375169,14.456281180031443,179.4636127545067,9.524359078342911,normal,0,0,0.0,,-1,
2024-01-02 05:00:00,T17,9.28879015897142,12.270187521617272,1200.789383062762,564.1689588546357,58.70261172652975,46.19489549006397,35.42255923778398,30.79801878771468,4.655605132265567,4.039321373123992,-2.2266522176426613,12.762513782890718,172.48363163142417,8.450155115990587,normal,0,0,0.0,,-1,
2024-01-01 00:00:00,T18,9.565305545080916,12.877582463177124,1247.4187908048257,674.6562070683149,47.11387316397822,38.10917973124955,28.597858073661378,23.231245276362824,5.152525304456578,3.110195252650083,0.9841056266972484,12.314312847305892,172.69968867424825,7.985957478826495,normal,0,0,0.0,,-1,
2024-01-01 01:00:00,T18,9.225673231667075,12.390493237956713,1203.7063779753075,539.3827305750748,46.367010008462834,37.89121102295987,28.37370165529628,23.371819178637313,5.136319683125493,3.097342759373009,0.6568440072308642,12.086582853397786,173.14805397577823,7.78279494362354,normal,0,0,0.0,,-1,
2024-01-01 02:00:00,T18,9.131672759987433,12.26083414426415,1183.1087181242988,534.8509746442762,45.93315985413954,37.187758677488354,27.812502352197328,22.424375749899223,5.09840114206989,2.8558169170821364,-0.23330781527901936,11.540669821315802,179.17185441781353,7.52444831774158,normal,0,0,0.0,,-1,
2024-01-01 03:00:00,T18,8.963376215232001,12.218978673047832,1185.8856974937946,466.7842765134785,44.56557858572366,36.59738469353661,27.889713328240035,22.173112185065346,4.994573755859207,3.2055861146904716,-0.521037554740056,11.486681174114892,,7.216488986371915,normal,0,0,0.0,,-1,
2024-01-01 04:00:00,T18,7.742195398286513,11.284380009064883,1099.244765486238,242.16026806332727,43.48259396141001,36.00611373779056,26.9622512500365,22.422573466660076,5.122557778692844,3.3024458696897927,0.31548870938856005,10.64595609781589,173.68096608301917,6.891196775211031,normal,0,0,0.0,,-1,
2024-01-01 05:00:00,T18,7.158410801151743,10.499684748125198,1017.899457234018,177.22857185533007,41.78954826166699,35.38798452261142,25.87199824642254,21.589506663027855,5.011129151584838,2.8858568478261497,-1.6185625802722463,9.709559898930449,179.01672759110403,6.27836629294343,normal,0,0,0.0,,-1,
2024-01-01 06:00:00,T18,8.500907962150038,11.67093533503737,1129.9215330527431,367.69673091076385,,34.206109955348786,26.222029547977375,21.16314461570245,,2.835619090512637,-2.6309797391678766,9.197157577025777,180.73195479274082,5.647588636477471,normal,0,0,0.0,,-1,
2024-01-01 07:00:00,T18,6.986429087569615,10.933048615543237,1056.8821168227753,107.42481340123271,38.871332960889454,33.90736106778241,24.874610818135682,19.903452698039448,5.0533320922330836,2.532320514364088,-3.694354513365865,8.888329575411666,176.25237428801378,,normal,0,0,0.0,,-1,
2024-01-01 08:00:00,T18,8.528236252911748,12.012286383078782,1168.6756232596645,362.25324917576,37.961342669742045,32.7727234159342,24.068886552750357,19.87080282895754,5.141516904944177,2.943511812368262,-4.176662355020873,7.782530502208785,174.13715875059174,4.237994838793081,normal,0,0,0.0,,-1,
2024-01-01 09:00:00,T18,8.618594377927282,12.14590080799972,1180.5332052646918,394.05290479132213,37.39016046295958,32.03342462772771,23.769825348502444,19.525063081813553,5.017935715819237,2.932705420542449,-3.7983267853688187,8.482881623727575,174.7811965176423,3.9258531919998374,normal,0,0,0.0,,-1,
2024-01-01 10:00:00,T18,8.891877951409192,12.518379173296276,1217.3230283221892,439.45081729352216,37.04239878627642,,23.131608669167786,18.93885006481827,5.091321413931703,3.515262722443267,-2.466472723973322,7.022500809772141,174.0043047563732,3.9222916806403236,normal,0,0,0.0,,-1,
2024-01-01 11:00:00,T18,10.102091706783972,13.240287730503175,1287.5774738413086,803.444704067676,38.461231574539376,32.30186218749003,24.16655583857831,19.321535411414597,5.146220956882913,3.2535045082632568,-1.9326569629389916,7.441758825499324,173.9271644441071,4.309958769056253,normal,0,0,0.0,,-1,
2024-01-01 12:00:00,T18,10.513772210864197,13.58752720233611,1318.2475462487196,943.9288535057946,40.44100843511482,33.538847243625646,24.506308713091467,19.645553740374336,5.154566185236379,3.156676748686267,-1.8662075995413863,9.215859044693904,174.9188327699369,4.6933058207444525,normal,0,0,0.0,,-1,
2024-01-01 13:00:00,T18,10.840417010706243,13.590588379830784,1310.976575569025,1070.9742570188137,42.11828015134658,34.4068488854081,25.15131462823817,20.207681003401248,5.157528538133955,3.3291541031356995,-1.7704240954199408,8.79553549057717,172.31471008323078,5.019008203746707,normal,0,0,0.0,,-1,
2024-01-01 14:00:00,T18,11.389613085638295,99.0,1347.5983167447112,1317.1056359434097,45.68483143260686,35.95532985312136,26.185647759319608,20.906472344773924,5.266545799486832,3.7274390114995657,-1.3621840583111944,10.094083290076439,175.3409654757255,5.545403115921019,normal,0,0,0.0,,-1,
2024-01-01 15:00:00,T18,10.795604672069873,13.636459478618024,1325.8102798169107,1088.7429091893725,47.33002419593321,37.05362844113616,26.710083509197897,21.590942808397696,5.288283194811187,3.3854318698716557,-0.5081016625679462,9.86086215137001,174.75851272196698,6.0397896223108205,normal,0,0,0.0,,-1,
2024-01-01 16:00:00,T18,12.063051946915289,14.655840022196447,1423.5549751291724,1640.1218021615477,51.20309723989991,40.07599250232689,28.60046581597345,22.592156407449703,5.317501397353559,3.857899794045613,0.8686191879074149,12.895585245755468,171.5726333891462,7.1166058983488245,normal,0,0,0.0,,-1,
2024-01-01 17:00:00,T18,11.935346032185064,14.95968070444901,1448.8995538437093,1601.9873317474212,54.76367026969389,41.274833567310544,30.131291660339663,23.8050791331879,5.356790856500437,3.5616675433641793,2.4406795448888743,12.83886593710782,173.28954417798818,8.251282691524533,normal,0,0,0.0,,-1,
2024-01-01 18:00:00,T18,12.764854545680443,14.908816784604875,1446.9026670964095,1902.2163536879243,58.87049874463642,44.09708871195773,31.448448521292462,24.923324532430037,5.422818406017469,3.8609382881710794,3.7118397777978176,15.551143818358513,172.89841238169987,9.672059009900854,normal,0,0,0.0,,-1,
2024-01-01 19:00:00,T18,13.07280559134766,14.95846679814547,1453.8928171982295,1937.0220981585023,62.33239575441695,46.2737473537462,33.63478873320092,26.215564473119834,5.4542685577075565,3.4735177105062465,4.4462064348600085,16.756617877985867,173.42316548571992,10.888798169524053,normal,0,0,0.0,,-1,
2024-01-01 20:00:00,T18,12.454815636372816,14.706044635431503,1430.201269319415,1922.612457342105,66.44460211007326,48.93098179118157,35.38094220530572,27.859463393898377,5.256677940726089,3.9120622772819096,4.214652380108753,17.249339143974794,174.14030113465452,11.860339850282092,normal,0,0,0.0,,-1,
2024-01-01 21:00:00,T18,14.388170324715198,14.997448445949876,1468.4618748734451,1945.671036246159,69.79018834010712,51.41918332266663,36.63009849966826,28.839850327254773,5.42113556469157,3.4260700545572114,4.937459939085225,17.89614447925127,169.7327150328438,12.701544313371155,normal,0,0,0.0,,-1,
2024-01-01 22:00:00,T18,11.3613311125672,14.345843998805233,1394.4156325301678,1311.2458374674302,69.37670590730498,51.80822001013405,37.297186891202834,29.312485284738283,5.179268383953422,3.717171345141497,4.205348027396341,17.77185688965402,173.43532647572812,12.859138730440463,normal,0,0,0.0,,-1,
2024-01-01 23:00:00,T18,10.92703188558533,13.480411378819758,1314.3126629257522,1113.2385797513205,67.96631200240898,50.94054880376228,37.249984943509254,29.763371699424795,5.2317861392723835,3.227080769104323,2.8147388979508,17.19283957411104,179.26379281357345,12.484401428214733,normal,0,0,0.0,,-1,
2024-01-02 00:00:00,T18,10.76970680010573,13.565614181545994,1316.192429055871,1062.1164250372155,66.8113386424716,50.61991917803708,36.79387428424062,29.797770369831916,5.1980121391969645,3.1667151308298367,1.9212694494228884,18.168071852533544,174.29103728752045,11.875242161228853,normal,0,0,0.0,,-1,
2024-01-02 01:00:00,T18,10.595805611492308,13.48256543795103,1299.9434175359627,1024.940220017729,65.9101023431128,50.7030964897023,37.43854458783929,29.954958493295823,5.169539786792005,3.4598729595170883,0.8522433945956336,17.527577298782607,173.91834118087755,11.299260345777373,normal,0,0,0.0,,-1,
2024-01-02 02:00:00,T18,11.267121733069006,13.957096444428789,1355.7202940111831,1243.0828141046848,65.6156572494448,50.10812061663335,36.944693224581464,29.463909989523252,5.253173655640195,3.3162847882864708,0.14828886717391393,16.415174669213815,171.6931713621393,10.801312254410469,normal,0,0,0.0,,-1,
2024-01-02 03:00:00,T18,10.852463309394327,13.902955173005424,1347.8415818070446,1065.5123650764526,63.843176438818745,50.46524845976287,36.58792831353617,29.352231835613868,5.211584401820694,3.541669642955784,-0.6704156644358814,15.697206431147832,173.79439779117453,10.063580451299998,normal,0,0,0.0,,-1,
2024-01-02 04:00:00,T18,11.111954674291484,14.008442161877587,1358.9194557851583,1191.1683737496703,62.977270815104625,49.60084333168722,36.65621979861824,29.928184676589776,5.270499638722782,3.3648420510207924,-1.4074993927286752,16.41071582282377,,9.397532044909367,normal,0,0,0.0,,-1,
2024-01-02 05:00:00,T18,10.323403960621981,13.492085109064108,1313.8045225218268,860.7411824513829,61.29078393192141,48.34740324825008,35.70735310734417,29.234883489866288,5.221766326411733,3.3709823842595217,-1.9826993231019066,12.983120240490011,176.1985776104834,8.546967697486275,normal,0,0,0.0,,-1,
2024-01-01 00:00:00,T19,10.552120924138356,13.380007087180351,1292.024845793311,976.052678433446,48.1976789908551,38.03961276648589,29.60181427844964,27.778014755175416,5.528269672938176,4.139746001322362,0.9601880186480937,12.183212893143567,179.7915360683037,8.890146892921889,normal,0,0,0.0,,-1,
2024-01-01 01:00:00,T19,9.256868348082756,12.400849486955948,1203.247522527429,536.5819271741967,46.74329294201868,36.7943609899859,29.374554265077705,26.8685899645217,5.384109422443777,4.078362816366312,0.6545343263458402,11.048639861993873,185.33752782157848,8.486214156373368,normal,0,0,0.0,,-1,
2024-01-01 02:00:00,T19,9.917126141102269,13.19782939694846,1286.1194866042601,770.117681864264,46.41004141154313,36.73483055416815,28.902367371929525,27.07516775341181,5.466388333556691,4.206877213732379,-0.17731679187200308,11.17136283204736,182.51356970385203,8.228391330451638,normal,0,0,0.0,,-1,
2024-01-01 03:00:00,T19,9.568004563473737,12.70686385161908,1230.2770433097173,623.9251468038833,45.42735496049686,35.36998729568102,28.488652290733672,26.25572233471054,5.341154563276627,3.8033078877287405,0.09401359902376127,10.320129384108151,180.99614804842554,7.869277510677427,normal,0,0,0.0,,-1,
2024-01-01 04:00:00,T19,9.401361968678398,12.25004519376808,1183.4627920890366,567.8934275589411,43.6033935604789,34.48726011421121,27.389699517822176,26.100995781637828,5.449893460773119,3.641862181908818,0.3642328469161915,9.641971778407306,183.19515375315007,7.615355709436436,normal,0,0,0.0,,-1,
2024-01-01 05:00:00,T19,8.972330586669086,12.458456550314335,1206.3692747817793,491.4292773647855,42.60421723209579,33.69551305264235,26.556728690851468,26.382765715748512,5.532819708788512,4.207497781337484,-1.4939838559233494,9.147585439868413,185.4331690201553,7.0505827272754855,normal,0,0,0.0,,-1,
2024-01-01 06:00:00,T19,10.216050216940255,13.326958542494687,1293.2451132763836,834.4689771046479,41.80968246989769,33.57344498378415,27.52712140809251,25.287334920197587,5.502802446206376,4.229086148586922,-2.700570453266006,8.55469753981979,186.39366153011176,6.557987137744438,normal,0,0,0.0,,-1,
2024-01-01 07:00:00,T19,9.775743829614385,12.670252187016626,1232.7839332285532,680.1638941020796,40.49985061993471,33.129926340806506,25.57280139258654,24.66967940616247,5.429267737348146,4.1975115940141094,-2.926671732748944,8.345577844690233,185.82768934833769,5.945353393430556,normal,0,0,0.0,,-1,
2024-01-01 08:00:00,T19,10.24649088402731,13.20917630603811,1278.7645849296389,829.0998655042636,40.52895529762774,32.39911912695847,25.85874675046116,24.500202054055503,5.48495930576812,3.8611872754496632,-3.8335331292355783,7.949107931959308,181.17922219904355,5.394846132485513,normal,0,0,0.0,,-1,
2024-01-01 09:00:00,T19,8.570011241528992,12.004860692977584,1161.0195609236043,375.42691765426895,38.96284243697748,31.495387381533167,24.771093427538045,23.831783125905368,5.350246436146951,4.043972471138277,-3.0205618580975124,7.497815166326123,183.44532958258293,4.815904049569479,normal,0,0,0.0,,-1,
2024-01-01 10:00:00,T19,9.905453878215173,13.01780347203662,1265.6292179061022,704.5984778774467,38.888049311128675,30.883074819455015,24.77051214060481,23.486441576601365,5.466927938242623,3.8841952111709044,-2.6402526693070834,6.9746908160213135,183.7582551349575,4.791528805530034,normal,0,0,0.0,,-1,
2024-01-01 11:00:00,T19,9.371320095118833,12.722181902820775,1237.1100899133517,540.3135247200042,37.52984480047537,30.754229597488717,24.37699430438139,23.23354349872142,5.510330797711642,3.815188968158894,-1.7154946877054018,6.3736493749870675,184.81536524061002,4.814297148100764,normal,0,0,0.0,,-1,
2024-01-01 12:00:00,T19,10.80836900661103,13.766350403604102,1328.3570191045385,1062.7480428526412,39.29408137358726,31.819271583711554,24.524008348182395,22.821467489706528,5.515610860556022,3.9158342110970707,-2.041338888151762,6.9442970025636015,179.8414307551971,5.16511042136809,normal,0,0,0.0,,-1,
2024-01-01 13:00:00,T19,10.984806066818663,13.69958559845668,1331.9208151736175,1092.7847609629132,41.12992361765451,31.43171569872086,25.081193422407804,23.778077428933127,5.503830959996942,4.194402016513833,-2.2226762346211313,7.844282474525949,180.11620265940638,5.40141072483625,normal,0,0,0.0,,-1,
2024-01-01 14:00:00,T19,10.870238175267568,13.58165590558331,1317.3305316855003,1063.2961970754664,41.30019516950502,33.030624568794664,25.193056492999272,23.635622835502147,5.609159616010508,4.264194894076788,-1.4533011883815272,8.231224974886551,180.92334293906964,5.6761628527180195,normal,0,0,0.0,,-1,
2024-01-01 15:00:00,T19,10.750478076557616,13.572824773549845,1312.7556337320525,1026.0402342332725,42.52715735143846,32.75507792849266,26.034115998747936,24.474446334867388,5.533853102722733,4.032851728345031,-0.12361491397401114,7.912773767742905,180.2971573731855,6.100398451541455,normal,0,0,0.0,,-1,
2024-01-01 16:00:00,T19,12.175706120112338,14.680980050792904,1421.752531397184,1715.2665796082724,46.60708133420677,35.44729048476954,27.158151612435454,25.119758695136166,5.726018863019756,4.6551501572403025,0.654063760835174,10.031325850834223,178.3031049044706,7.213476338263558,normal,0,0,0.0,,-1,
2024-01-01 17:00:00,T19,12.69180108030832,14.934533959354246,1439.789133674809,1866.9102764651548,50.67383734351073,37.59872278419206,29.06310552773832,25.503199825307203,5.824425143607251,4.702056775966002,2.3789291091600955,11.441615567201868,177.55343278339834,8.50169077817173,normal,0,0,0.0,,-1,
2024-01-01 18:00:00,T19,12.122476069941655,14.492036322180171,1405.4429485212204,1674.9622878608745,53.71984385317561,38.88701613001768,30.19482334254636,27.294964086322004,5.626307876123074,4.7883762910728915,4.014187576763501,12.451681655518131,179.60326698873217,9.717389634039813,normal,0,0,0.0,,-1,
2024-01-01 19:00:00,T19,12.045820152928432,14.584914174381392,1410.8014747032107,1650.318315026202,57.01937476152786,41.287599978307895,31.296903063741443,27.97282859607018,5.591793304687075,4.716710243221453,4.249249120248502,13.92824560438832,184.75883542311482,10.734931559485123,normal,0,0,0.0,,-1,
2024-01-01 20:00:00,T19,10.324131145977898,,1287.7469676186922,884.1639908842637,54.947642878040256,40.99975063577284,,28.29856233876022,5.417257227077753,4.01216110224219,4.426825717256703,13.429700559388712,183.34271947278927,11.05494790658955,normal,0,0,0.0,,-1,
2024-01-01 21:00:00,T19,10.52101115421363,13.274076684931947,1283.4008529755101,924.1194049575473,54.496312148002865,40.98835380562,31.447384783938965,28.527433408478984,5.495471051656983,4.409062081817044,4.660128879129904,14.176203044943312,181.39068516434156,11.399114520640488,normal,0,0,0.0,,-1,
2024-01-01 22:00:00,T19,10.54420128080947,13.106105109898515,1266.572143934849,937.9589388000009,55.32001993205771,40.668794564470396,31.277583229211736,28.79050214684034,5.505115529932631,3.8619404431391486,4.256858913838551,14.871698470377556,181.68537237611628,11.596874138990039,normal,0,0,0.0,,-1,
2024-01-01 23:00:00,T19,9.99857625315529,,1246.304588634101,739.4929485834416,53.03042835996907,40.41292429199357,31.211514233376647,28.49401204478108,5.423933018811603,4.2212622057367035,2.832358840964517,13.289080956037658,185.36921912289927,11.253162930312602,normal,0,0,0.0,,-1,
2024-01-02 00:00:00,T19,9.762191807107607,12.820589812987985,1243.9498266736882,668.5970713488417,51.26892533243685,39.18104913034202,30.690189500182292,28.100702912087225,5.472011395827711,4.521320943885137,1.6759599763280275,13.340330186120486,182.6127188383364,10.655153359430864,normal,0,0,0.0,,-1,
2024-01-02 01:00:00,T19,9.974206248984272,13.207593982988207,1274.8201213706502,756.6199708330247,49.90508393477079,38.32391766401908,30.15148517285227,28.098485743073752,5.4828020911992725,4.19732690258203,1.1058720437652396,13.176034598381262,179.16288947812671,10.170499715913037,normal,0,0,0.0,,-1,
2024-01-02 02:00:00,T19,10.981003331832495,13.761920668041933,1334.9106532033895,1100.9910147240707,49.53518370457314,39.18263435290181,30.420553539232905,27.771250502791233,5.513048292813421,4.283025233852071,0.42806188131796924,12.92285600097149,183.21200967006004,9.82709837552508,normal,0,0,0.0,,-1,
2024-01-02 03:00:00,T19,8.36629474982323,12.129701333290337,1178.0302723901602,321.83932487442445,47.50099887865825,36.40084658471838,28.894867652321224,27.285081657676507,5.3628321613161605,3.7133598234225125,-0.8374062368273474,10.936443067900791,186.7583206300551,8.812869419236057,normal,0,0,0.0,,-1,
2024-01-02 04:00:00,T19,7.957157204783996,11.540642503066348,1118.6103636329858,275.394148573022,44.04880644010285,35.61635862609686,28.230849316148216,26.31407108817934,5.391968292253029,3.7247627644573367,-1.2896302496610865,10.70415360653583,180.617535388317,7.8175664512829055,normal,0,0,0.0,,-1,
2024-01-02 05:00:00,T19,8.400851014590469,11.913985455874759,,341.28183448844936,41.803099319825996,34.57731842547247,26.594547104145356,25.506765694685633,5.4284579201113266,,-2.357350005462712,9.567577989242322,182.86296461770328,6.9717513648021,normal,0,0,0.0,,-1,
2024-01-01 00:00:00,T20,10.343663770310464,13.136196462044808,1271.6982994711277,883.2889663294864,44.83868021039966,34.40341469174904,27.480791242565665,26.01119694554226,5.19441945649368,3.100586264909788,0.8205347939000854,11.419303799712749,176.31506650504267,8.611855756610009,normal,0,0,0.0,,-1,
2024-01-01 01:00:00,T20,10.073245406618128,13.216705715130528,1276.8761884760058,768.3474701732843,44.22351540507112,34.609410723641076,27.33447406568617,25.827173688046013,5.178510330437376,3.2352111640301042,0.48064735529158376,11.447154624457752,175.68714361673813,8.422112328429499,normal,0,0,0.0,,-1,
2024-01-01 02:00:00,T20,9.690397188583827,13.03136359178082,1258.0932580818273,633.2927216878685,43.255615874811056,33.86746740482209,26.75412913613061,25.35462497436539,5.163521984424301,3.3323597268354197,0.3301228862921241,10.793309566548036,175.34703908388676,8.088087430939,normal,0,0,0.0,,-1,
2024-01-01 03:00:00,T20,9.59183600673173,12.809887722623845,1248.5586583465283,622.5543674595218,42.07577270527917,32.46882031787463,26.180555495368345,25.6929869362218,5.276760643609307,3.330011287131474,-0.1969154711184147,9.739148199349257,175.86827394406637,7.758935754690291,normal,0,0,0.0,,-1,
2024-01-01 04:00:00,T20,9.903775596437125,13.136242338659791,1273.8130205958753,751.8590588944696,42.05462112957343,33.353806143415646,26.594121252783673,25.381019385631138,5.203203238757258,3.0591248713802877,0.21235607258085187,9.921250861833824,179.33142723226655,7.650706456447918,normal,0,0,0.0,,-1,
2024-01-01 05:00:00,T20,8.951966728057888,12.290040821780646,1198.9538478307038,480.8391473946575,40.19964188383379,31.31758080546005,25.58862028170552,24.619564377828407,5.1996869658237514,3.3004471646369855,-1.483754294894121,,179.04217090611152,7.071166824164157,normal,0,0,0.0,,-1,
2024-01-01 06:00:00,T20,9.218946316603684,12.542209403830258,1222.376571729209,520.5134393773368,39.27736828694747,30.947324680872903,24.933169325253125,24.307490056445975,5.164321067666271,,-2.567717010870881,8.748219348256864,175.92671206951997,6.366832078417577,normal,0,0,0.0,,-1,
2024-01-01 07:00:00,T20,9.40607537626005,12.54750156592879,1211.1412957591476,578.514312339254,37.76290544932499,30.382005091297952,23.98372437016549,23.827406038788023,5.158694882520219,3.189145142570068,-3.5033221874569453,7.524827806464102,176.16133907685915,5.729163723192139,normal,0,0,0.0,,-1,
2024-01-01 08:00:00,T20,8.319314290221067,11.707749403407675,1137.727474355673,283.7587964611496,36.00397863473214,29.185951500343688,22.78759862730866,23.091943904623232,5.102179766566152,2.9876679690770445,-4.002509009599132,6.5988079717775445,174.80777257338767,4.866293084131092,normal,0,0,0.0,,-1,
2024-01-01 09:00:00,T20,8.103815905296539,11.544664927884817,1118.7549974600834,313.78891607006614,34.10565169701368,27.22206524693283,22.593599513073904,22.171846814889292,5.1732527113488045,3.2283953117547775,-3.1289425127040253,7.21582956043255,178.364464932458,4.362951590807457,normal,0,0,0.0,,-1,
2024-01-01 10:00:00,T20,8.269357095762249,11.919131619911736,1154.229308738007,315.09353096460677,32.90805313122157,26.671573809593372,21.630629644807744,21.45040923696806,5.154264450903527,2.8273030593574684,-2.708073490159739,4.817091431368842,175.32452357985164,4.181152622733182,normal,0,0,0.0,,-1,
2024-01-01 11:00:00,T20,8.731651856747614,12.319501229119885,1194.416779894086,414.95444548923143,31.961451422797293,27.073821727810383,21.161676589218388,21.41049021808812,5.1086884382410505,3.3916676918539688,-1.4444338387582816,5.901203940766599,178.04846773616697,4.25546673322691,normal,0,0,0.0,,-1,
2024-01-01 12:00:00,T20,7.843884749457248,11.338458284454925,1098.8415742028749,265.05265370559033,30.97064329585639,25.630503623142683,21.094778997312677,20.8265425155095,5.050585473805104,2.6361275239214046,-1.3921608819999776,5.411862492314591,183.3651174760661,4.20274374092943,normal,0,0,0.0,,-1,
2024-01-01 13:00:00,T20,7.835591755943831,11.648020537184804,1138.5676875109773,287.1577473532395,30.21952585523929,24.439154215870147,20.256759196403735,19.994588365477913,5.183689622772444,4.514292128010888,-1.9593106257498518,4.8042217258296365,178.8098282346833,4.119050885111711,normal,0,0,0.0,,-1,
2024-01-01 14:00:00,T20,9.252846140674746,12.41471081337541,1200.9014160195463,541.3436210990576,30.26782793265414,24.811601161464225,19.709783734487548,20.058642041764728,5.200765344614053,2.9446940511306434,-1.0727552785081214,5.682917359316185,182.36284943106008,4.331433477588449,normal,0,0,0.0,,-1,
2024-01-01 15:00:00,T20,8.552020256644692,12.24074609874392,1178.3121003803071,395.8328575650879,30.75791527915297,24.81237379724918,19.955283700014288,19.97954353836055,5.153900035138622,3.043634636225006,-0.7215936512558601,5.294894432114081,173.8946821021109,4.635572670339388,normal,0,0,0.0,,-1,
2024-01-01 16:00:00,T20,9.702011502780861,12.704816274316267,1219.867688479698,665.9462928852824,31.58988100927359,25.1816088738073,20.45619968476749,19.841667845553268,5.21638579857832,3.272705531452531,0.8390793402291042,5.081516719826501,176.5792327839081,5.3783608396887725,normal,0,0,0.0,,-1,
2024-01-01 17:00:00,T20,8.205061382952037,11.54754354729558,1124.325973668687,321.5132747362028,31.498507503933865,24.83022881170814,20.086881037712274,20.4677850625136,5.118758349810535,2.675015284000996,2.45385001118192,6.931552681244568,176.1905845027424,6.050338668142289,normal,0,0,0.0,,-1,
2024-01-01 18:00:00,T20,9.400611372886349,12.582309684045924,1233.764691758281,555.1729827839205,32.3353403610477,25.358998544090692,20.19936922417571,20.499078715304716,5.163259094491621,2.8003675199696487,4.090933014907885,7.79746332675053,178.45255618712815,7.06627404686606,normal,0,0,0.0,,-1,
2024-01-01 19:00:00,T20,8.459089616062153,12.011677030087474,1169.9035414389334,361.6351519131043,32.75069035469181,25.86787663423227,21.13933929791774,20.76555143362661,5.038375912361161,3.007812208432883,4.085662851695965,8.278800402985365,179.61368804106561,7.816530513834952,normal,0,0,0.0,,-1,
2024-01-01 20:00:00,T20,8.653765723584833,12.218803253896942,1198.26591792328,388.95099085230873,32.614631901998294,25.70890017758136,20.859396130501594,20.394403240358155,,3.085275520226285,4.856705076140197,8.139444317113771,178.8021138139352,8.451754510961328,normal,0,0,0.0,,-1,
2024-01-01 21:00:00,T20,7.9604997948507625,11.407959441871618,1102.9750558264711,254.34129416520005,32.65293729637608,26.164169119866955,20.792408539142855,20.400471433060762,5.002495369628385,2.873516861636774,5.061450934166754,10.068373633327376,182.11065134370986,8.926570118927525,normal,0,0,0.0,,-1,
2024-01-01 22:00:00,T20,9.742409390036071,12.843152793034136,1241.4894806417144,674.7487888518385,33.20214571147536,26.708340898136242,21.55570265367411,21.151979479730315,5.145018277716789,3.027943714553202,4.541583180304514,10.5670811101031,175.79432046474858,9.494570806688142,normal,0,0,0.0,,-1,
2024-01-01 23:00:00,T20,9.08385593934451,12.347098015508687,1200.771447693519,494.2810620640325,33.85689610600133,26.60145593826974,21.903364516682114,21.228659579631,5.16369131148192,3.0292620613663055,2.6991824249236482,9.638712730856312,175.70370847711249,9.451526486014313,normal,0,0,0.0,,-1,
2024-01-02 00:00:00,T20,10.285520476890879,13.130004150998877,1273.1224778228298,844.3182277940103,34.89184969723821,27.870296447147133,22.232930706611334,21.524459031640077,5.171333209800333,3.24331055269114,1.2648393795566686,10.109443125094222,176.81144027168057,9.36585289613201,normal,0,0,0.0,,-1,
2024-01-02 01:00:00,T20,10.597932910920134,13.52969971121903,1301.7049881400144,986.8703467050849,37.41659012545279,28.78203036626219,22.78246638192965,21.72117358184106,5.317122650783599,3.5936497247292953,1.269580920731984,10.498951614679209,175.28810829205673,9.316810602615492,normal,0,0,0.0,,-1,
2024-01-02 02:00:00,T20,11.760060000861088,14.37625403244918,1383.699946513807,1504.4232280865604,40.876822898741935,29.923929381077595,23.581719605654875,22.928187689095097,5.354651502341098,,0.22671514415160907,10.984956762549537,172.66309631261618,9.427486127972239,normal,0,0,0.0,,-1,
2024-01-02 03:00:00,T20,11.394823718337587,14.421044411686031,1394.7320272691284,1337.2107377626849,42.735973994180476,31.745063003014863,24.750738577214385,23.146289008947743,5.300178654172285,3.28266219064595,-0.5148963858024618,,174.6028380425526,9.171316998651093,normal,0,0,0.0,,-1,
2024-01-02 04:00:00,T20,11.32472913523549,13.956956862034167,1351.9580363767654,1305.5738036901291,44.51222815301593,32.56066244288527,25.8834398183971,23.75311833286527,5.318972847889004,3.3097875838041237,-1.3048298363708777,10.527476764627416,174.0233746468607,8.777074135603925,normal,0,0,0.0,,-1,
2024-01-02 05:00:00,T20,10.5594389216576,13.271490736531707,1278.672929833332,944.722093734094,44.2557422794445,32.858149885709764,25.22234770881826,23.72647555330703,5.2808722846749205,3.245868106883416,-2.2079008970863936,10.037709076254187,175.03508170649786,8.11843792967462,normal,0,0,0.0,,-1,
